PDB_ID,Resolution,Year,Ki,Measurement,Is_Ki
3g2y,1.31,2009,2,Ki=10mM,True
3pce,2.06,1998,2,Ki=10mM,True
3gv9,1.8,2009,2.12,Ki=7.5mM,True
6abx,1.7,2019,2.14,Ki=7.19mM,True
4q90,1.54,2015,2.15,Ki=7.0mM,True
4tim,2.4,1992,2.16,Ki=6.9mM,True
3gqz,1.8,2009,2.17,Ki=6.7mM,True
5z5f,2.1,2018,2.17,Ki=6.8mM,True
1m0n,2.2,2002,2.22,Ki=6.0mM,True
1ajp,2.31,1997,2.23,Ki=5.85mM,True
3i3b,2.2,2010,2.23,Ki=5.9mM,True
1ew8,2.2,2002,2.26,Ki=5.5mM,True
1ps3,1.8,2003,2.28,Ki=5.2mM,True
3ip8,1.5,2009,2.28,Ki=5.2mM,True
3dyo,1.8,2008,2.3,Ki=5.0mM,True
3kgq,1.7,2010,2.3,Ki=5mM,True
3mhw,1.45,2010,2.3,Ki=5.03mM,True
3pcg,1.96,1998,2.3,Ki=5mM,True
3rv4,1.98,2011,2.3,Ki=5mM,True
4jsz,1.9,2013,2.3,Ki=5000uM,True
1m0o,2.4,2002,2.31,Ki=4.9mM,True
4y0a,1.91,2015,2.31,Ki=4950uM,True
4iie,2,2013,2.34,Ki=4.6mM,True
3gtc,1.9,2009,2.35,Ki=4.5mM,True
3g2z,1.5,2009,2.36,Ki=4.4mM,True
3t0d,1.93,2012,2.37,Ki=4.3mM,True
6md8,1.4,2019,2.38,Ki=4200uM,True
1f73,1.95,2000,2.39,Ki=4.1mM,True
1nwl,2.4,2003,2.39,Ki=4.1mM,True
3mjl,1.9,2010,2.44,Ki=3.6mM,True
4x8u,2.1,2015,2.46,Ki=3.5mM,True
1gyx,1.35,2002,2.48,Ki=3.3mM,True
4kz7,1.43,2014,2.49,Ki=3.2mM,True
1ai4,2.35,1997,2.5,Ki=3.13mM,True
3g30,1.8,2009,2.51,Ki=3.1mM,True
3gr2,1.8,2009,2.52,Ki=3mM,True
3mfv,1.9,2010,2.52,Ki=3000uM,True
3vdb,2.05,2012,2.52,Ki=3.03mM,True
3b3s,1.18,2007,2.55,Ki=2800uM,True
3kgp,2.35,2009,2.57,Ki=2.68mM,True
3gvb,1.8,2009,2.59,Ki=2.6mM,True
4o3c,1.5,2014,2.59,Ki=2.57mM,True
1ajn,2.36,1997,2.63,Ki=2.32mM,True
4q7w,1.45,2015,2.64,Ki=2300uM,True
4q8y,1.45,2015,2.64,Ki=2300uM,True
4ufl,2.4,2015,2.64,Ki=2.3mM,True
3lvw,2.5,2010,2.67,Ki=2.12mM,True
2fzc,2.1,2006,2.7,Ki=1990uM,True
6nmb,2.3,2019,2.7,Ki=2.01mM,True
2rkd,1.9,2008,2.72,Ki=1.9mM,True
2qwb,2,1998,2.74,Ki=1820uM,True
4m6u,1.8,2014,2.74,Ki=1.8mM,True
1rql,2.4,2004,2.75,Ki=1.79mM,True
4bt5,1.1,2013,2.76,Ki=1.72mM,True
2bet,2.2,2004,2.77,Ki=1.7mM,True
3fcq,1.75,2009,2.77,Ki=1.7mM,True
4kz3,1.67,2014,2.77,Ki=1.7mM,True
4ykk,1.38,2015,2.77,Ki=1.7mM,True
2bza,1.9,1999,2.8,Ki=1.58mM,True
3djx,1.69,2009,2.81,Ki=1557.9uM,True
5th4,1.47,2017,2.85,Ki=1420uM,True
1cet,2.05,1999,2.89,Ki=1.3mM,True
1iih,2.2,2001,2.89,Ki=1.3mM,True
3g31,1.7,2009,2.89,Ki=1.3mM,True
4gqq,1.35,2012,2.89,Ki=1.3mM,True
4llx,1.75,2014,2.89,Ki=1300uM,True
3c2u,1.3,2008,2.9,Ki=1.25mM,True
1h2k,2.15,2002,2.92,Ki=1.2mM,True
3k8c,2.1,2010,2.92,Ki=1.2mM,True
4lm3,1.49,2014,2.92,Ki=1200uM,True
1tng,1.8,1994,2.93,Ki=1.17mM,True
1f4e,1.9,2000,2.96,Ki=1.1mM,True
3g34,1.31,2009,2.96,Ki=1.1mM,True
4owm,1.99,2014,2.96,Ki=1090uM,True
3djq,1.53,2009,2.98,Ki=1046.4uM,True
4bps,1.08,2013,2.99,Ki=1.02mM,True
1ecq,2,2000,3,Ki=1.0mM,True
2rka,1.95,2008,3,Ki=1mM,True
4llk,1.55,2014,3,Ki=990uM,True
4r3w,1.91,2014,3,Ki=1.0mM,True
4q81,1.55,2015,3.02,Ki=950uM,True
4lm2,1.55,2014,3.03,Ki=940uM,True
1rtf,2.3,1997,3.04,Ki=910uM,True
3t08,2,2012,3.04,Ki=0.91mM,True
4lm4,1.48,2014,3.04,Ki=910uM,True
1f74,1.6,2000,3.05,Ki=0.9mM,True
1uj5,2,2004,3.05,Ki=0.89mM,True
1rnm,2,1996,3.07,Ki=844.2uM,True
3mof,1.75,2010,3.07,Ki=860uM,True
1y1z,1.5,2005,3.08,Ki=0.831mM,True
1ec9,2,2000,3.1,Ki=0.8mM,True
4kz6,1.68,2014,3.1,Ki=0.8mM,True
4bt3,1.1,2013,3.12,Ki=0.76mM,True
6d1k,1.2,2019,3.13,Ki=741.3uM,True
2ya7,1.89,2011,3.14,Ki=0.72mM,True
1e6q,1.35,2001,3.15,Ki=0.7mM,True
3g1v,1.3,2009,3.19,Ki=645uM,True
1br6,2.3,1998,3.22,Ki=0.6mM,True
1e6s,1.35,2000,3.22,Ki=0.6mM,True
1ew9,2,2002,3.22,Ki=0.6mM,True
1k1y,2.4,2003,3.22,Ki=0.6mM,True
2ri9,1.95,2008,3.22,Ki=0.6mM,True
2uy3,1.9,2007,3.22,Ki=600uM,True
1px4,1.6,2004,3.23,Ki=0.59mM,True
4lm1,1.6,2014,3.23,Ki=590uM,True
3qfz,2.39,2011,3.24,Ki=570uM,True
4qlk,1.83,2015,3.24,Ki=0.57mM,True
1v2j,1.9,2004,3.25,Ki=566uM,True
4lm0,1.66,2014,3.25,Ki=560uM,True
5yas,2.2,1999,3.26,Ki=0.55mM,True
3d52,1.6,2008,3.28,Ki=520uM,True
3tfu,1.94,2011,3.28,Ki=520uM,True
6ibk,1.99,2019,3.29,Ki=509uM,True
1phw,2.36,2004,3.3,Ki=0.5mM,True
1tpw,1.9,1995,3.3,Ki=0.5mM,True
2vw2,1.7,2008,3.3,Ki=0.5mM,True
3aaq,2,2010,3.3,Ki=0.5mM,True
4jss,1.5,2013,3.3,Ki=500uM,True
4mrw,1.96,2014,3.3,Ki=500uM,True
4msa,1.62,2014,3.3,Ki=500uM,True
1i2s,1.7,2002,3.31,Ki=490uM,True
1pzp,1.45,2004,3.31,Ki=490uM,True
2wk6,2.5,2009,3.32,Ki=0.48mM,True
6efj,1.65,2019,3.32,Ki=477uM,True
4bt4,1.6,2013,3.34,Ki=0.46mM,True
3pwk,1.5,2012,3.35,Ki=0.45mM,True
4lkq,1.62,2014,3.35,Ki=450uM,True
1tnh,1.8,1994,3.37,Ki=0.43mM,True
1v2u,1.8,2004,3.37,Ki=427uM,True
3d8z,1.98,2009,3.37,Ki=423uM,True
6mnv,1.65,2019,3.37,Ki=428uM,True
2fzg,2.25,2006,3.38,Ki=420uM,True
4qll,1.85,2015,3.38,Ki=0.42mM,True
4lhm,1.52,2014,3.39,Ki=0.41mM,True
1bxr,2.1,1999,3.4,Ki=0.4mM,True
1f8d,1.4,2001,3.4,Ki=400uM,True
1uz4,1.71,2004,3.4,Ki=400uM,True
2v2c,1.89,2008,3.41,Ki=0.39mM,True
2sim,1.6,1994,3.42,Ki=0.38mM,True
4llj,1.56,2014,3.42,Ki=380uM,True
4n8q,2.08,2014,3.42,Ki=380uM,True
2xog,1.72,2011,3.43,Ki=0.37mM,True
4umc,2.34,2014,3.44,Ki=360uM,True
6exs,2.5,2018,3.44,Ki=362uM,True
1moq,1.57,1998,3.46,Ki=0.35mM,True
3muz,1.9,2011,3.46,Ki=0.35mM,True
4k5p,1.85,2013,3.46,Ki=345uM,True
6hgr,1.52,2019,3.46,Ki=350uM,True
4h42,2.01,2013,3.47,Ki=341uM,True
3g1d,1.5,2009,3.48,Ki=330uM,True
3nyd,1.23,2011,3.48,Ki=330uM,True
1c5o,1.9,2000,3.49,Ki=320uM,True
6d9x,1.83,2018,3.49,Ki=323uM,True
5mby,1.55,2017,3.51,Ki=0.31mM,True
1jys,1.9,2002,3.52,Ki=300uM,True
2j27,1.15,2007,3.52,Ki=0.3mM,True
2vw1,2.39,2008,3.52,Ki=0.3mM,True
3mfw,1.47,2010,3.52,Ki=300uM,True
4mrz,1.58,2014,3.52,Ki=300uM,True
1v2r,1.7,2004,3.55,Ki=278.96uM,True
2qwc,1.6,1998,3.55,Ki=280uM,True
1h46,1.52,2003,3.57,Ki=270uM,True
1np0,2.5,2003,3.57,Ki=270uM,True
3ff3,1.37,2009,3.57,Ki=270uM,True
4q8x,1.55,2015,3.57,Ki=270uM,True
3dx1,1.21,2009,3.58,Ki=265uM,True
2gsu,2,2006,3.59,Ki=260uM,True
4q7v,1.6,2015,3.59,Ki=260uM,True
6dpz,1.5,2018,3.59,Ki=259uM,True
2fzk,2.5,2006,3.6,Ki=250uM,True
3b3x,2.5,2007,3.6,Ki=250uM,True
3g0i,2.1,2009,3.6,Ki=250uM,True
3jdw,2.4,1998,3.6,Ki=253uM,True
1pb9,1.6,2003,3.62,Ki=241uM,True
6mll,1.86,2019,3.62,Ki=239uM,True
1gyy,1.35,2002,3.64,Ki=230uM,True
2azr,2,2005,3.64,Ki=230uM,True
2rk8,2,2008,3.64,Ki=230uM,True
5yum,2.43,2018,3.65,Ki=223uM,True
3t2q,2.4,2012,3.66,Ki=0.22mM,True
5nzn,1.73,2018,3.66,Ki=220000nM,True
1c3x,2.4,1999,3.68,Ki=210uM,True
4isu,2.3,2013,3.68,Ki=0.21mM,True
4ovg,1.9,2014,3.69,Ki=204uM,True
6gg4,2.46,2018,3.69,Ki=205uM,True
1loq,1.5,2002,3.7,Ki=0.2mM,True
1pdz,2.2,1995,3.7,Ki=0.2mM,True
1wht,2,1994,3.7,Ki=0.2mM,True
2bvr,1.25,2006,3.7,Ki=200uM,True
2fx6,1.57,2006,3.7,Ki=200uM,True
3n7a,2,2011,3.7,Ki=200uM,True
5j41,1.19,2016,3.7,Ki=199uM,True
3g32,1.31,2009,3.71,Ki=0.194mM,True
1ai5,2.36,1997,3.72,Ki=0.189mM,True
1grp,2.5,1996,3.72,Ki=0.189mM,True
2am4,1.7,2006,3.72,Ki=190uM,True
3f5l,1.37,2009,3.72,Ki=0.191mM,True
4tln,2.3,1982,3.72,Ki=190uM,True
4ufm,2.4,2015,3.72,Ki=190uM,True
6d1h,1.25,2019,3.72,Ki=190.2uM,True
1f5k,1.8,2001,3.74,Ki=180uM,True
3d6p,1.6,2009,3.75,Ki=179uM,True
2x09,2.4,2010,3.76,Ki=175uM,True
1kui,1.5,2002,3.77,Ki=0.169mM,True
2v2h,1.18,2008,3.77,Ki=0.17mM,True
6euc,2.22,2018,3.77,Ki=168uM,True
6hgs,1.55,2019,3.77,Ki=170uM,True
1kug,1.37,2002,3.8,Ki=0.160mM,True
2hb1,2,2006,3.8,Ki=160uM,True
3t09,1.75,2012,3.8,Ki=0.16mM,True
5uf0,1.35,2017,3.8,Ki=160uM,True
3ai8,2.11,2011,3.81,Ki=154.4uM,True
4keq,2.28,2014,3.82,Ki=150uM,True
1j16,1.6,2002,3.84,Ki=143uM,True
2wzs,2.25,2009,3.85,Ki=140uM,True
3mv0,2.2,2011,3.85,Ki=0.14mM,True
4kiu,2.4,2014,3.85,Ki=140uM,True
3spf,1.7,2012,3.86,Ki=138uM,True
5oh9,1.65,2018,3.86,Ki=137uM,True
3wjw,1.59,2013,3.87,Ki=134uM,True
5oh3,2.1,2018,3.87,Ki=136uM,True
3si4,1.27,2012,3.88,Ki=132.2uM,True
4mjp,1.85,2013,3.88,Ki=131uM,True
1m0q,2,2002,3.89,Ki=0.13mM,True
2ctc,1.4,1994,3.89,Ki=0.13mM,True
3iae,2.3,2010,3.89,Ki=0.13mM,True
4ufk,2.4,2015,3.89,Ki=130uM,True
2gvv,1.73,2006,3.9,Ki=125uM,True
2qw1,1.7,2008,3.9,Ki=125uM,True
2rkm,1.8,1997,3.9,Ki=125uM,True
4qgi,1.9,2014,3.9,Ki=125uM,True
6c85,2.4,2019,3.9,Ki=126uM,True
1kuk,1.45,2002,3.91,Ki=0.124mM,True
6d1b,1.25,2019,3.91,Ki=123.7uM,True
1pr5,2.5,2003,3.92,Ki=120uM,True
3twp,1.83,2012,3.92,Ki=119uM,True
6g9x,2.3,2019,3.92,Ki=120uM,True
6hzy,1.7,2019,3.92,Ki=121uM,True
1h5v,1.1,2002,3.93,Ki=117uM,True
2v3d,1.96,2007,3.94,Ki=116uM,True
6cbg,2,2018,3.95,Ki=113uM,True
1mrs,2,2003,3.96,Ki=110uM,True
2fpz,2,2006,3.96,Ki=110uM,True
2wec,1.5,1998,3.96,Ki=110uM,True
3gt9,1.7,2010,3.96,Ki=0.11mM,True
4gqr,1.2,2012,3.96,Ki=110uM,True
3b3c,1.46,2007,3.98,Ki=105uM,True
1rpf,2.2,1994,3.99,Ki=103uM,True
1e5j,1.85,2001,4,Ki=100uM,True
1tni,1.9,1994,4,Ki=0.10mM,True
1wc1,1.93,2004,4,Ki=0.1mM,True
2ot1,2.05,2007,4,Ki=0.1mM,True
2qrl,1.6,2007,4,Ki=100uM,True
3vd9,2.05,2012,4,Ki=0.10mM,True
4p6c,1.86,2015,4,Ki=100uM,True
4umb,2.17,2014,4,Ki=99uM,True
5wcm,1.2,2017,4,Ki=100uM,True
1v2w,1.75,2004,4.01,Ki=97.79uM,True
2wvz,2.4,2009,4.02,Ki=96uM,True
5vsj,2.46,2017,4.02,Ki=95uM,True
2q8m,2.05,2007,4.03,Ki=94uM,True
2x96,1.85,2010,4.03,Ki=94uM,True
4msn,2.3,2014,4.03,Ki=94uM,True
5nzf,1.75,2018,4.03,Ki=94000nM,True
1hi5,1.8,2001,4.04,Ki=92uM,True
2w66,2.27,2009,4.05,Ki=89uM,True
8a3h,0.97,2000,4.06,Ki=88uM,True
1hyo,1.3,2001,4.07,Ki=84.8uM,True
2v2v,2.4,2007,4.07,Ki=85.8uM,True
6dai,1.63,2018,4.07,Ki=85.2uM,True
2rke,1.8,2008,4.08,Ki=82.5uM,True
2z1w,1.63,2007,4.08,Ki=83uM,True
3kwa,2,2010,4.08,Ki=84uM,True
1ai7,2.5,1997,4.09,Ki=0.082mM,True
1o0n,1.5,2003,4.09,Ki=82uM,True
4b9z,2,2012,4.09,Ki=81.4uM,True
6d1i,1.1,2019,4.09,Ki=81uM,True
1c5t,1.37,2000,4.1,Ki=80uM,True
2bvs,1.4,2006,4.1,Ki=80uM,True
4cr9,1.7,2015,4.1,Ki=80uM,True
6dpy,1.91,2018,4.1,Ki=80uM,True
2exm,1.8,2005,4.11,Ki=78uM,True
3d6o,1.58,2009,4.11,Ki=77uM,True
4de2,1.4,2012,4.12,Ki=76.0uM,True
4kxb,2.4,2013,4.12,Ki=75uM,True
3ozt,1.48,2011,4.13,Ki=74.9uM,True
3qto,1.52,2012,4.13,Ki=74.8uM,True
4ovf,2.05,2014,4.13,Ki=74uM,True
4yc0,1.5,2015,4.13,Ki=74uM,True
1m2x,1.5,2003,4.15,Ki=70uM,True
1q91,1.6,2004,4.15,Ki=70uM,True
2v2q,2.3,2007,4.15,Ki=71.2uM,True
2xg9,1.8,2010,4.15,Ki=70uM,True
3a9i,1.8,2009,4.15,Ki=70.7uM,True
3d51,1.43,2008,4.15,Ki=70uM,True
3sur,1.9,2012,4.15,Ki=70uM,True
3sus,1.8,2012,4.15,Ki=71uM,True
4cr5,2,2015,4.15,Ki=70uM,True
4kz4,1.42,2014,4.15,Ki=0.07mM,True
3si3,1.55,2012,4.16,Ki=69.3uM,True
1v2s,1.72,2004,4.17,Ki=68uM,True
4oma,1.6,2014,4.17,Ki=68uM,True
3q2j,2.15,2011,4.18,Ki=66.1uM,True
1hi3,1.8,2001,4.19,Ki=64uM,True
3b3w,1.75,2007,4.19,Ki=65uM,True
3sv2,1.3,2012,4.19,Ki=64.0uM,True
4n9a,1.9,2013,4.19,Ki=64uM,True
4q83,1.55,2015,4.19,Ki=64uM,True
1c5y,1.65,2000,4.2,Ki=63uM,True
1c87,2.1,2000,4.2,Ki=63uM,True
1ghw,1.75,2002,4.2,Ki=63uM,True
3djp,1.6,2009,4.2,Ki=63.2uM,True
3qx5,1.35,2012,4.2,Ki=63.5uM,True
5fcz,2.45,2016,4.2,Ki=63uM,True
4bqs,2.15,2013,4.21,Ki=62uM,True
4u6w,1.83,2015,4.21,Ki=61.3uM,True
5ti0,1.42,2017,4.21,Ki=61uM,True
1kv5,1.65,2002,4.22,Ki=60uM,True
1t5f,2.2,2005,4.22,Ki=60uM,True
1ua4,1.9,2004,4.22,Ki=0.06mM,True
4oak,2,2014,4.22,Ki=59.7uM,True
2jke,1.7,2008,4.23,Ki=59uM,True
2jkp,1.99,2008,4.23,Ki=59uM,True
2bes,2.1,2004,4.24,Ki=57uM,True
50000000000000,1.34,2015,4.24,Ki=57.8uM,True
5oh2,1.9,2018,4.24,Ki=57uM,True
6d1j,1.15,2019,4.25,Ki=56.2uM,True
6mdu,1.15,2019,4.25,Ki=56uM,True
2qrk,1.75,2007,4.26,Ki=55uM,True
3qwc,1.75,2012,4.26,Ki=55.4uM,True
4u69,1.6,2015,4.26,Ki=54.8uM,True
6hh5,1.95,2018,4.27,Ki=54.2uM,True
3f5j,1.95,2009,4.28,Ki=0.052mM,True
3gta,1.7,2010,4.28,Ki=53uM,True
4ufj,2.2,2015,4.28,Ki=52uM,True
1e2l,2.4,2000,4.29,Ki=51.5uM,True
1v2l,1.6,2004,4.29,Ki=51uM,True
1a30,2,1998,4.3,Ki=50uM,True
1amk,1.83,1997,4.3,Ki=50uM,True
1w3k,1.2,2004,4.3,Ki=50uM,True
3t0b,2.4,2012,4.3,Ki=0.05mM,True
4eoh,2.1,2012,4.3,Ki=50uM,True
1ajq,2.05,1997,4.31,Ki=0.049mM,True
2qtt,1.93,2008,4.32,Ki=48uM,True
4q7p,1.65,2015,4.32,Ki=48uM,True
1z6s,1.5,2005,4.34,Ki=46uM,True
1ghv,1.85,2002,4.35,Ki=45uM,True
1yfz,2.2,2005,4.35,Ki=45uM,True
4owv,1.9,2014,4.35,Ki=45uM,True
6d1a,1.25,2019,4.35,Ki=44.3uM,True
6r1a,1.54,2019,4.35,Ki=45uM,True
1dy4,1.9,2000,4.36,Ki=44uM,True
5oh7,1.85,2018,4.37,Ki=43uM,True
3u9q,1.52,2011,4.38,Ki=41.7uM,True
2avq,1.3,2006,4.39,Ki=41uM,True
3djo,1.6,2009,4.39,Ki=40.8uM,True
1p57,1.75,2004,4.4,Ki=40uM,True
2pwd,1.8,2007,4.4,Ki=40uM,True
5uv2,2.2,2017,4.4,Ki=39.5uM,True
1no6,2.4,2003,4.41,Ki=39uM,True
2csn,2.5,1996,4.41,Ki=39uM,True
3uxd,1.8,2012,4.41,Ki=39.3uM,True
4exs,2.4,2012,4.41,Ki=39.0uM,True
4ou3,1.95,2014,4.41,Ki=38.7uM,True
4ek9,2.5,2012,4.42,Ki=38000nM,True
4q7s,1.8,2015,4.42,Ki=38uM,True
2pu2,1.86,2008,4.43,Ki=37uM,True
4dsy,2.3,2012,4.43,Ki=37uM,True
4qf9,2.28,2015,4.43,Ki=37.1uM,True
4ykj,1.4,2015,4.43,Ki=37uM,True
4zw5,1.8,2016,4.43,Ki=37uM,True
3u81,1.13,2012,4.44,Ki=36uM,True
6ppy,2,2019,4.44,Ki=36uM,True
2wbg,1.85,2009,4.45,Ki=35.2uM,True
4gki,1.88,2012,4.46,Ki=34.4uM,True
4i8n,2.5,2012,4.46,Ki=35uM,True
5dpx,1.85,2017,4.46,Ki=35uM,True
2r2w,2.01,2007,4.47,Ki=34uM,True
3hl5,1.8,2009,4.47,Ki=34uM,True
4cu8,2.5,2014,4.47,Ki=33.9uM,True
6d1d,1.4,2019,4.47,Ki=33.8uM,True
6d1g,1.15,2019,4.47,Ki=34.2uM,True
6f05,2.2,2018,4.47,Ki=34uM,True
1jaq,2.4,1996,4.48,Ki=33uM,True
1qan,2.4,2000,4.48,Ki=33uM,True
3p17,1.43,2011,4.48,Ki=33.4uM,True
3t01,1.6,2011,4.48,Ki=33uM,True
4dhl,2.3,2012,4.48,Ki=33uM,True
6d15,1.3,2019,4.48,Ki=32.9uM,True
1hi4,1.8,2001,4.49,Ki=32uM,True
1j14,2.4,2002,4.49,Ki=32.2uM,True
3hl8,1.55,2010,4.49,Ki=32uM,True
4cwf,2,2014,4.49,Ki=32.4uM,True
5t19,2.1,2017,4.49,Ki=32uM,True
3sw8,1.7,2011,4.5,Ki=31.72uM,True
1gi7,1.79,2002,4.51,Ki=31uM,True
3aas,1.75,2010,4.51,Ki=31uM,True
4g90,1.9,2012,4.51,Ki=30.8uM,True
1ctt,2.2,1995,4.52,Ki=30uM,True
1mrn,2.45,2003,4.52,Ki=30uM,True
1z4o,1.9,2005,4.52,Ki=30uM,True
2wm0,1.9,2010,4.52,Ki=30uM,True
3h30,1.56,2009,4.53,Ki=29.2uM,True
1lyx,1.9,2003,4.54,Ki=0.029mM,True
2zz1,1.57,2009,4.54,Ki=29uM,True
2zz2,1.53,2009,4.54,Ki=29uM,True
6p5o,1.49,2019,4.54,Ki=28.6uM,True
3djv,1.6,2009,4.55,Ki=27.9uM,True
3rr4,1.68,2012,4.55,Ki=28.05uM,True
3suv,1.6,2012,4.55,Ki=28uM,True
5oh4,2.3,2018,4.55,Ki=28uM,True
6edr,2.4,2018,4.55,Ki=28.5uM,True
4fp1,1.68,2013,4.57,Ki=0.027mM,True
5j7q,2.05,2016,4.58,Ki=26.6uM,True
1bma,1.8,1995,4.59,Ki=26uM,True
2ihj,2,2007,4.59,Ki=25.7uM,True
2jiw,1.95,2007,4.59,Ki=26uM,True
3hp9,1.6,2010,4.59,Ki=26uM,True
4g8y,1.8,2012,4.59,Ki=25.8uM,True
1pa9,2,2003,4.6,Ki=25uM,True
1tx7,1.75,2005,4.6,Ki=25uM,True
1u33,1.95,2004,4.6,Ki=25uM,True
1upf,2.3,1999,4.6,Ki=25uM,True
2v54,2.4,2008,4.6,Ki=25uM,True
2wlz,1.82,2010,4.6,Ki=25uM,True
2x0y,2.25,2010,4.6,Ki=25uM,True
3vhk,2.49,2012,4.6,Ki=25uM,True
4bc5,1.98,2012,4.6,Ki=25uM,True
4p58,2.06,2014,4.6,Ki=25uM,True
2bo4,1.95,2005,4.61,Ki=24.6uM,True
1f4f,2,2000,4.62,Ki=24uM,True
2f6t,1.7,2005,4.62,Ki=24uM,True
2xm2,1.95,2011,4.62,Ki=24uM,True
3f5k,1.8,2009,4.62,Ki=0.024mM,True
4hzm,1.45,2013,4.63,Ki=23.2uM,True
3qtv,1.63,2012,4.65,Ki=22.5uM,True
4q93,2.1,2014,4.65,Ki=22.3uM,True
6b98,1.97,2017,4.65,Ki=22.4uM,True
1bzj,2.25,1999,4.66,Ki=22uM,True
1h4w,1.7,2002,4.66,Ki=22uM,True
1m1b,2.25,2002,4.66,Ki=22uM,True
3ddf,1.2,2008,4.66,Ki=22uM,True
4gkh,1.86,2012,4.67,Ki=21.5uM,True
5jsq,1.5,2016,4.67,Ki=21.3uM,True
1c5p,1.43,2000,4.68,Ki=21uM,True
1wn6,1.8,2005,4.68,Ki=21uM,True
2uy4,1.75,2007,4.68,Ki=21uM,True
3g35,1.41,2009,4.68,Ki=0.021mM,True
5k1d,1.94,2017,4.68,Ki=20.8uM,True
1c5n,1.5,2000,4.7,Ki=20uM,True
1c86,2.3,2000,4.7,Ki=20uM,True
2dw7,2.5,2006,4.7,Ki=20uM,True
2fu8,1.8,2007,4.7,Ki=20uM,True
2i2c,1.85,2007,4.7,Ki=0.02mM,True
3suw,1.9,2012,4.7,Ki=20uM,True
6r13,1.65,2019,4.7,Ki=20uM,True
1v2t,1.9,2004,4.71,Ki=19.56uM,True
1vso,1.85,2007,4.72,Ki=18.98uM,True
3ebo,1.9,2009,4.72,Ki=19.01uM,True
3f6g,2,2009,4.72,Ki=19uM,True
4zw7,1.95,2016,4.72,Ki=19uM,True
1v2o,1.62,2004,4.73,Ki=18.45uM,True
1bty,1.5,1995,4.74,Ki=18.4uM,True
1w4p,1.69,2005,4.74,Ki=18uM,True
2e2p,2,2007,4.74,Ki=18uM,True
4jxs,1.9,2014,4.74,Ki=18uM,True
4kyk,2,2013,4.74,Ki=18uM,True
6szp,1.76,2019,4.74,Ki=18uM,True
3acw,1.63,2010,4.76,Ki=17.5uM,True
3o5n,1.83,2011,4.76,Ki=17.2uM,True
2afw,1.56,2005,4.77,Ki=17uM,True
3d50,1.79,2008,4.77,Ki=17uM,True
5mkr,1.87,2017,4.77,Ki=17uM,True
5mks,1.99,2017,4.77,Ki=17uM,True
1oss,1.93,2003,4.79,Ki=16.4uM,True
3eb1,2.4,2009,4.79,Ki=16.3uM,True
5k1f,1.94,2017,4.79,Ki=16.2uM,True
1bju,1.8,1998,4.8,Ki=16uM,True
1ghz,1.39,2002,4.8,Ki=16uM,True
2nta,2.1,2007,4.8,Ki=16uM,True
3dnd,2.26,2009,4.8,Ki=16uM,True
4llp,1.75,2014,4.8,Ki=16uM,True
1aid,2.2,1997,4.82,Ki=15uM,True
1dud,2.3,1996,4.82,Ki=15uM,True
1f8e,1.4,2001,4.82,Ki=15uM,True
1v1j,2.2,2005,4.82,Ki=15uM,True
1xff,1.8,2004,4.82,Ki=15uM,True
2pwg,2.2,2007,4.82,Ki=15uM,True
2ypi,2.5,1991,4.82,Ki=15uM,True
3r88,1.73,2012,4.82,Ki=15uM,True
3vd4,2,2012,4.82,Ki=0.015mM,True
4ciw,2.2,2014,4.82,Ki=15.0uM,True
4ih3,2.49,2014,4.82,Ki=15.2uM,True
4kwf,2.31,2014,4.82,Ki=15uM,True
5ewa,2.3,2016,4.82,Ki=15uM,True
6d17,1.45,2019,4.82,Ki=15.3uM,True
1c83,1.8,2000,4.85,Ki=14uM,True
1ecv,1.95,2000,4.85,Ki=14uM,True
1n51,2.3,2003,4.85,Ki=14uM,True
1qji,2.14,2000,4.85,Ki=14uM,True
1xgi,1.96,2005,4.85,Ki=14uM,True
2qwd,2,1998,4.85,Ki=14uM,True
2r9x,1.9,2008,4.85,Ki=14uM,True
3ohi,2.3,2011,4.85,Ki=14uM,True
4iic,1.9,2013,4.85,Ki=14uM,True
4q87,1.55,2015,4.85,Ki=14uM,True
2brb,2.1,2005,4.86,Ki=13.7uM,True
2aoc,1.3,2006,4.89,Ki=13.0uM,True
2vo5,2.3,2008,4.89,Ki=13uM,True
3d4z,1.39,2008,4.89,Ki=13uM,True
5j7w,2.5,2016,4.89,Ki=13uM,True
6i5g,2,2019,4.89,Ki=13.03uM,True
3cf8,2.4,2008,4.9,Ki=12.7uM,True
1km3,1.5,2002,4.91,Ki=12.4uM,True
5l8a,1.57,2017,4.91,Ki=12.3uM,True
1bzc,2.35,1999,4.92,Ki=12uM,True
1e1v,1.95,2001,4.92,Ki=12uM,True
1jqy,2.14,2002,4.92,Ki=12uM,True
3eax,1.9,2009,4.92,Ki=12uM,True
3rv8,2.29,2012,4.92,Ki=12uM,True
4j47,1.35,2013,4.92,Ki=12.02uM,True
5evk,1.63,2016,4.92,Ki=12uM,True
6r11,1.75,2019,4.92,Ki=12uM,True
6r18,1.35,2019,4.92,Ki=12uM,True
3uxk,2.2,2012,4.93,Ki=11.7uM,True
1e2k,1.7,2000,4.94,Ki=11.4uM,True
2gss,1.9,1997,4.94,Ki=11.5uM,True
1jn4,1.8,2003,4.95,Ki=11.3uM,True
2x95,1.96,2010,4.95,Ki=11.3uM,True
1o5g,1.75,2004,4.96,Ki=11uM,True
2vjx,1.85,2008,4.96,Ki=11uM,True
2w67,2.25,2009,4.96,Ki=11uM,True
3veh,2,2012,4.96,Ki=11uM,True
4jsa,1.5,2013,4.96,Ki=11uM,True
6r0v,1.6,2019,4.96,Ki=11uM,True
4e3g,1.55,2012,4.97,Ki=10.6uM,True
4in9,1.55,2013,4.97,Ki=10.7uM,True
4re2,2,2015,4.98,Ki=10.4uM,True
1c84,2.35,2000,5,Ki=9.9uM,True
1hlk,2.5,2001,5,Ki=10uM,True
1nc3,2.2,2003,5,Ki=10uM,True
1o35,1.41,2003,5,Ki=10uM,True
2oym,1.86,2007,5,Ki=10uM,True
3gbe,1.7,2009,5,Ki=10uM,True
4u6c,1.91,2015,5,Ki=9.9uM,True
5evb,1.84,2016,5,Ki=10uM,True
5evd,1.8,2016,5,Ki=10uM,True
1ppi,2.2,1995,5.01,Ki=9.7uM,True
2glp,2.42,2007,5.01,Ki=9.7uM,True
3bgc,1.8,2008,5.02,Ki=9.6uM,True
4u70,1.6,2015,5.02,Ki=9.5uM,True
1dgm,1.8,2000,5.05,Ki=8.9uM,True
1fkw,2.4,1996,5.05,Ki=9uM,True
1qxk,2.3,2003,5.05,Ki=9.0uM,True
3aau,1.8,2010,5.05,Ki=9.0uM,True
4yzu,1.41,2015,5.05,Ki=9uM,True
2v77,1.6,2008,5.06,Ki=8.7uM,True
3f68,1.75,2009,5.06,Ki=8.7uM,True
5c1w,1.7,2015,5.06,Ki=8.7uM,True
2c3l,2.35,2005,5.07,Ki=8.58uM,True
6jtc,2.39,2019,5.07,Ki=8.45uM,True
6r4k,2.13,2019,5.07,Ki=8.5uM,True
1enu,1.95,2000,5.08,Ki=8.3uM,True
1gfy,2.13,2000,5.08,Ki=8.32uM,True
2qtg,1.84,2008,5.08,Ki=8.3uM,True
6d16,1.4,2019,5.08,Ki=8.4uM,True
5fhm,1.55,2016,5.09,Ki=8.15uM,True
1od8,1.05,2003,5.1,Ki=8uM,True
1v0k,1.03,2004,5.1,Ki=8uM,True
1w7g,1.65,2006,5.1,Ki=8uM,True
2r9w,1.8,2008,5.1,Ki=8uM,True
3p4v,2,2011,5.1,Ki=8uM,True
1k4h,1.8,2002,5.11,Ki=7.7uM,True
1yp9,2.1,2006,5.11,Ki=7700nM,True
3k4d,2.39,2010,5.11,Ki=7750nM,True
2web,1.5,1998,5.12,Ki=7.6uM,True
6n95,1.8,2019,5.12,Ki=7.5uM,True
3s9e,1.6,2011,5.13,Ki=7.43uM,True
6f9u,1.9,2018,5.13,Ki=7.4uM,True
1y3x,1.7,2005,5.14,Ki=7315nM,True
2br1,2,2005,5.14,Ki=7.2uM,True
6dak,1.6,2018,5.14,Ki=7.21uM,True
1jcx,1.8,2002,5.15,Ki=7.0uM,True
1jvu,1.78,2002,5.15,Ki=7uM,True
1o0m,1.5,2003,5.15,Ki=7.1uM,True
1pb8,1.45,2003,5.15,Ki=7.02uM,True
1s38,1.81,2004,5.15,Ki=7.0uM,True
1thz,1.8,2004,5.15,Ki=7.1uM,True
2afx,1.64,2005,5.15,Ki=7.1uM,True
3ozr,1.73,2011,5.15,Ki=7022nM,True
4qrh,1.65,2015,5.15,Ki=7.0uM,True
6om8,2.45,2019,5.16,Ki=6.9uM,True
2zfp,2.25,2008,5.17,Ki=6.8uM,True
3b7j,2.4,2008,5.17,Ki=6.8uM,True
4gkm,1.67,2013,5.17,Ki=6.8uM,True
6cbf,2.3,2018,5.17,Ki=6.8uM,True
1ft7,2.2,2000,5.18,Ki=6.6uM,True
3w37,1.7,2013,5.18,Ki=6.68uM,True
4iif,2.45,2013,5.18,Ki=6.6uM,True
4u73,1.8,2015,5.18,Ki=6.6uM,True
1ocq,1.08,2003,5.19,Ki=6.5uM,True
1ogg,1.97,2004,5.19,Ki=6.4uM,True
2qdt,2,2007,5.19,Ki=6.5uM,True
3uu1,1.82,2012,5.2,Ki=6.3uM,True
1o2r,1.45,2003,5.21,Ki=6.1uM,True
4cwo,2.31,2014,5.21,Ki=6.1uM,True
4few,1.98,2012,5.21,Ki=6.2uM,True
4m0r,1.96,2014,5.21,Ki=6.2uM,True
1bq4,2.5,1998,5.22,Ki=6uM,True
1j17,2,2002,5.22,Ki=6.05uM,True
1o5c,1.63,2004,5.22,Ki=6.0uM,True
1w4o,1.6,2005,5.22,Ki=6uM,True
2hxm,1.3,2006,5.22,Ki=6uM,True
2wzm,1.64,2010,5.22,Ki=6.0uM,True
2zxd,2.15,2009,5.22,Ki=6.0uM,True
3dne,2,2009,5.22,Ki=6uM,True
3iof,1.44,2010,5.22,Ki=6uM,True
4lrr,2.41,2013,5.22,Ki=6uM,True
4u71,1.8,2015,5.22,Ki=6.0uM,True
5ev8,2.3,2016,5.22,Ki=6uM,True
1ndw,2,2003,5.23,Ki=5900nM,True
2q38,1.95,2007,5.23,Ki=5950nM,True
1fh7,1.82,2000,5.24,Ki=5.8uM,True
1s89,2.22,2004,5.24,Ki=5.8uM,True
2jfz,1.86,2007,5.24,Ki=5.8uM,True
3pb8,1.13,2011,5.24,Ki=5.748uM,True
1w4q,1.68,2005,5.26,Ki=5.5uM,True
2x7u,2.12,2010,5.27,Ki=5340nM,True
4jfs,2,2013,5.27,Ki=5.4uM,True
1f5l,2.1,2001,5.28,Ki=5.3uM,True
3o5x,2,2010,5.28,Ki=5.2uM,True
4j46,1.42,2013,5.28,Ki=5.24uM,True
1c88,1.8,2000,5.29,Ki=5.1uM,True
1a69,2.1,1998,5.3,Ki=5uM,True
1o0f,1.5,2003,5.3,Ki=5uM,True
2vk6,1.5,2008,5.3,Ki=5uM,True
3pgl,2.35,2011,5.3,Ki=5uM,True
6d2o,1.9,2018,5.3,Ki=5uM,True
6r1w,1.35,2019,5.3,Ki=5.0uM,True
4u1b,1.89,2015,5.31,Ki=4.9uM,True
5eij,1.99,2016,5.31,Ki=4860nM,True
1y20,1.4,2005,5.32,Ki=4.8uM,True
5g1z,1.5,2017,5.32,Ki=4.74uM,True
3ozs,1.44,2011,5.33,Ki=4645nM,True
3q1x,1.59,2011,5.33,Ki=4.7uM,True
1hee,1.75,2001,5.34,Ki=4.6uM,True
1zgi,2.2,2005,5.34,Ki=4.6uM,True
3hkq,1.7,2009,5.34,Ki=4.55uM,True
3k4q,2.2,2010,5.34,Ki=4.6uM,True
1ql9,2.3,2000,5.35,Ki=4.45uM,True
2gkl,1.86,2007,5.35,Ki=4.5uM,True
3hkn,1.8,2009,5.35,Ki=4.51uM,True
6ep4,2.3,2017,5.35,Ki=4.5uM,True
6of5,2.3,2019,5.35,Ki=4.5uM,True
3bv9,1.8,2008,5.36,Ki=4.4uM,True
3ldq,1.9,2011,5.36,Ki=4.32uM,True
1gpk,2.1,2002,5.37,Ki=4.3uM,True
1sgu,1.9,2004,5.37,Ki=4235nM,True
3qt6,2.05,2011,5.37,Ki=4.3uM,True
1g3e,1.8,2001,5.38,Ki=4.2uM,True
1qbv,1.8,1999,5.39,Ki=4100nM,True
3hkt,2.36,2009,5.39,Ki=4.1uM,True
3m1k,1.35,2010,5.39,Ki=4.1uM,True
1f8b,1.8,2001,5.4,Ki=4.0uM,True
1mmr,2.4,1996,5.4,Ki=4.0uM,True
1trd,2.5,1993,5.4,Ki=4uM,True
2i80,2.19,2006,5.4,Ki=4uM,True
2qg2,1.8,2008,5.4,Ki=4.0uM,True
4ij1,1.79,2013,5.4,Ki=4uM,True
6ny0,1.4,2019,5.4,Ki=4.0uM,True
6r1d,1.1,2019,5.4,Ki=4uM,True
2j47,1.98,2006,5.41,Ki=3.9uM,True
4u6z,1.8,2015,5.41,Ki=3.9uM,True
4uma,1.76,2014,5.41,Ki=3.9uM,True
4fev,1.89,2012,5.42,Ki=3.8uM,True
1syi,2.1,2005,5.44,Ki=3590nM,True
2q6f,2,2008,5.44,Ki=3.6uM,True
2wr8,1.77,2009,5.44,Ki=3.6uM,True
4dju,1.8,2012,5.44,Ki=3.6uM,True
5tp0,1.25,2017,5.44,Ki=3.66uM,True
3mi3,2.38,2010,5.45,Ki=3.56uM,True
1q65,2.1,2004,5.46,Ki=3.5uM,True
6nxz,1.75,2019,5.46,Ki=3.5uM,True
1g7f,1.8,2001,5.47,Ki=3.4uM,True
1gi1,1.42,2002,5.47,Ki=3.4uM,True
5nn5,2,2017,5.47,Ki=3.4uM,True
6c7w,1.28,2018,5.47,Ki=3410nM,True
6dd0,1.5,2019,5.48,Ki=3.3uM,True
1pyn,2.2,2003,5.49,Ki=3.2uM,True
2h4k,2.3,2006,5.49,Ki=3.2uM,True
2o0u,2.1,2007,5.49,Ki=3.2uM,True
2uy5,1.6,2007,5.49,Ki=3.2uM,True
3tza,1.9,2011,5.5,Ki=3.15uM,True
1kc7,2.2,2002,5.52,Ki=3uM,True
1ydr,2.2,1997,5.52,Ki=3.0uM,True
2cht,2.2,1994,5.52,Ki=3uM,True
2ydt,1.6,2011,5.52,Ki=3.0uM,True
3iog,1.41,2010,5.52,Ki=3uM,True
4en4,2.15,2012,5.52,Ki=3uM,True
1bjv,1.8,1998,5.54,Ki=2.9uM,True
1g3d,1.8,2001,5.55,Ki=2.8uM,True
2iuz,1.95,2006,5.55,Ki=2.8uM,True
3uzj,1.69,2012,5.55,Ki=2.82uM,True
4pqa,1.78,2014,5.55,Ki=2.8uM,True
6ouv,1.94,2019,5.55,Ki=2.8uM,True
6mxc,1.99,2019,5.56,Ki=2.73uM,True
1jak,1.75,2001,5.57,Ki=2.7uM,True
3uxl,2.2,2012,5.57,Ki=2.7uM,True
3vtr,2.5,2013,5.57,Ki=2.714uM,True
3su5,1.55,2012,5.58,Ki=2635nM,True
1mfi,1.8,1999,5.59,Ki=2.6uM,True
3sha,1.52,2012,5.59,Ki=2.6uM,True
4cwn,1.8,2014,5.59,Ki=2.6uM,True
6fnr,1.83,2018,5.59,Ki=2.6uM,True
1vfn,2.15,1997,5.6,Ki=2.5uM,True
2wca,2.3,2009,5.6,Ki=2.5uM,True
3bl1,2.1,2008,5.6,Ki=2.52uM,True
1ejn,1.8,2000,5.62,Ki=2.4uM,True
4iid,2.3,2013,5.62,Ki=2.4uM,True
4j48,2.1,2013,5.62,Ki=2.41uM,True
5wgp,1.53,2018,5.62,Ki=2400nM,True
6h29,1.46,2018,5.62,Ki=2.4uM,True
3rf5,2.1,2011,5.63,Ki=2.37uM,True
1f57,1.75,2000,5.64,Ki=2.3uM,True
1y3v,1.6,2005,5.64,Ki=2300nM,True
1z9g,1.7,2005,5.64,Ki=2.3uM,True
2ojg,2,2007,5.64,Ki=2.3uM,True
3n86,1.9,2011,5.64,Ki=2.3uM,True
1n5r,2.25,2003,5.66,Ki=2.2uM,True
1nhu,2,2003,5.66,Ki=2.2uM,True
2aod,1.4,2006,5.66,Ki=2.17uM,True
2erz,2.2,2005,5.66,Ki=2.2uM,True
2x97,1.85,2010,5.66,Ki=2200nM,True
5c28,1.56,2015,5.66,Ki=2.2uM,True
6cjv,1.55,2018,5.66,Ki=2200nM,True
6jaw,1.98,2019,5.66,Ki=2.18uM,True
2h15,1.9,2007,5.67,Ki=2135nM,True
2pqz,1.55,2008,5.67,Ki=2.15uM,True
2qwf,1.9,1998,5.67,Ki=2.160uM,True
6f28,2.4,2018,5.67,Ki=2.15uM,True
1gnn,2.3,1996,5.68,Ki=2100nM,True
2q8z,1.8,2008,5.68,Ki=2.1uM,True
3oil,1.5,2011,5.68,Ki=2100nM,True
4q9y,1.55,2015,5.68,Ki=2.1uM,True
1egh,2,2000,5.7,Ki=2uM,True
1g98,1.9,2001,5.7,Ki=2uM,True
1jsv,1.96,2001,5.7,Ki=2uM,True
1n1m,2.5,2002,5.7,Ki=2uM,True
2a14,1.7,2005,5.7,Ki=2.0uM,True
2avm,1.1,2006,5.7,Ki=2.0uM,True
2f2h,1.95,2006,5.7,Ki=2uM,True
2ya6,2,2011,5.7,Ki=2uM,True
3acx,1.31,2010,5.7,Ki=2uM,True
3d4y,1.52,2008,5.7,Ki=2uM,True
3kku,1.28,2010,5.7,Ki=2uM,True
4bs0,1.09,2013,5.7,Ki=2uM,True
4f39,1.83,2012,5.7,Ki=1980nM,True
4j28,1.73,2013,5.7,Ki=2.0uM,True
4l2l,1.65,2014,5.7,Ki=0.002mM,True
6jay,1.5,2019,5.7,Ki=1.99uM,True
2uz9,2.3,2007,5.71,Ki=1.96uM,True
6q60,1.55,2019,5.71,Ki=1.97uM,True
2qg0,1.85,2008,5.72,Ki=1.9uM,True
3jvr,1.76,2009,5.72,Ki=1.89uM,True
3shc,1.9,2012,5.72,Ki=1.9uM,True
4zw6,1.9,2016,5.72,Ki=1.9uM,True
3bqc,1.5,2008,5.73,Ki=1.85uM,True
3m3z,2.1,2011,5.73,Ki=1.85uM,True
4j44,1.3,2013,5.73,Ki=1.87uM,True
1o33,1.46,2003,5.74,Ki=1.8uM,True
1o5e,1.75,2004,5.74,Ki=1.8uM,True
1zdp,1.7,2005,5.74,Ki=1.8uM,True
3pb7,1.4,2011,5.74,Ki=1.817uM,True
3wz7,1.9,2015,5.74,Ki=1.8uM,True
4o2b,2.3,2014,5.74,Ki=1.8uM,True
2ya8,1.75,2011,5.75,Ki=1.77uM,True
6e6m,1.55,2019,5.75,Ki=1786.5nM,True
4a95,1.55,2012,5.76,Ki=1.73uM,True
4nwc,2.01,2014,5.76,Ki=1.74uM,True
6jav,1.44,2019,5.76,Ki=1.72uM,True
1ur9,1.8,2004,5.77,Ki=1.7uM,True
4j45,1.48,2013,5.77,Ki=1.7uM,True
5nw7,1.85,2018,5.77,Ki=1.7uM,True
6eij,2.42,2018,5.77,Ki=1680nM,True
2y5h,1.33,2011,5.79,Ki=1620nM,True
1kpm,1.8,2002,5.8,Ki=1.59uM,True
1ppm,1.7,1993,5.8,Ki=1600nM,True
4g8v,1.7,2012,5.8,Ki=1.6uM,True
4rhx,2.03,2015,5.8,Ki=1.6uM,True
1hdq,2.3,2001,5.82,Ki=1.5uM,True
1kav,2.35,2002,5.82,Ki=1.5uM,True
3b7i,1.75,2007,5.82,Ki=1.5uM,True
3gss,1.9,1997,5.82,Ki=1.5uM,True
3qqs,1.97,2012,5.82,Ki=1.5uM,True
3wz8,1.45,2015,5.82,Ki=1.5uM,True
4dld,2,2012,5.82,Ki=1.5uM,True
4e9u,2.1,2012,5.82,Ki=1.5uM,True
4p5d,2.11,2014,5.82,Ki=1.5uM,True
4z84,1.55,2015,5.82,Ki=1500nM,True
5d2r,1.9,2016,5.82,Ki=1.5uM,True
4do5,1.51,2012,5.83,Ki=1.48uM,True
1k4g,1.7,2002,5.85,Ki=1.4uM,True
1o2w,1.38,2003,5.85,Ki=1.4uM,True
1q54,1.93,2003,5.85,Ki=1.4uM,True
1qbn,1.8,2000,5.85,Ki=1400nM,True
2pu1,1.8,2007,5.85,Ki=1.4uM,True
2r3t,1.8,2008,5.85,Ki=1.4uM,True
2z94,1.78,2007,5.85,Ki=1.4uM,True
3ehy,1.9,2009,5.85,Ki=1.4uM,True
4b6r,2,2012,5.85,Ki=1420nM,True
5ndf,2.3,2017,5.85,Ki=1.4uM,True
5oq8,2,2017,5.85,Ki=1.41uM,True
6d18,1.35,2019,5.85,Ki=1.4uM,True
6pvv,1.65,2019,5.85,Ki=1.4uM,True
5za7,1.7,2018,5.87,Ki=1356nM,True
1e1x,1.85,2001,5.89,Ki=1.3uM,True
2brm,2.2,2005,5.89,Ki=1.3uM,True
2tmn,1.6,1989,5.89,Ki=1.3uM,True
3qgw,2.1,2011,5.89,Ki=1.3uM,True
4de0,1.12,2012,5.89,Ki=1.3uM,True
5t8p,2.32,2017,5.89,Ki=1.28uM,True
6dpx,1.9,2018,5.89,Ki=1.3uM,True
1v2n,1.8,2004,5.9,Ki=1.25uM,True
3old,2,2011,5.9,Ki=1254.9nM,True
5fhn,1.6,2016,5.9,Ki=1.27uM,True
3ebp,2,2009,5.91,Ki=1.24uM,True
1a4w,1.8,1998,5.92,Ki=1.2uM,True
1jao,2.4,1996,5.92,Ki=1.2uM,True
1ndv,2.3,2003,5.92,Ki=1200nM,True
1o0h,1.2,2003,5.92,Ki=1.2uM,True
1pph,1.9,1994,5.92,Ki=1.2uM,True
1qf2,2.06,1999,5.92,Ki=1200nM,True
1yds,2.2,1997,5.92,Ki=1.2uM,True
3r4m,1.7,2011,5.92,Ki=1.2uM,True
3zv7,2.26,2012,5.92,Ki=1.2uM,True
4kyh,2.5,2013,5.92,Ki=1.2uM,True
5owl,2.23,2018,5.92,Ki=1.2uM,True
1fv0,1.7,2002,5.93,Ki=1.18uM,True
6ej3,1.94,2018,5.93,Ki=1179nM,True
3lmk,2.44,2010,5.94,Ki=1.16uM,True
5y13,1.75,2018,5.94,Ki=1.16uM,True
5a6k,2.1,2015,5.95,Ki=1130nM,True
6fz4,1.85,2019,5.95,Ki=1.12uM,True
1d6w,2,2000,5.96,Ki=1100nM,True
1nl9,2.4,2003,5.96,Ki=1.1uM,True
1o36,1.7,2003,5.96,Ki=1.1uM,True
3wz6,1.4,2015,5.96,Ki=1.1uM,True
4de1,1.26,2012,5.96,Ki=1.1uM,True
4msc,2.47,2014,5.96,Ki=1.1uM,True
4zw8,2,2016,5.96,Ki=1.1uM,True
5od1,1.34,2018,5.96,Ki=1.1uM,True
1uwt,1.95,2004,5.97,Ki=1.08uM,True
1uwu,1.95,2004,5.98,Ki=1.04uM,True
1c5s,1.36,2000,6,Ki=1.0uM,True
1f0t,1.8,2000,6,Ki=1000nM,True
1jq8,2,2002,6,Ki=1.01uM,True
1ssq,1.85,2004,6,Ki=1uM,True
2bvd,1.6,2005,6,Ki=1uM,True
2r43,1.58,2008,6,Ki=1uM,True
2vqt,2.1,2008,6,Ki=1.0uM,True
3ddg,1.74,2008,6,Ki=1uM,True
3l4w,2,2010,6,Ki=1.0uM,True
3ucj,1.85,2011,6,Ki=1uM,True
4kwg,2.1,2014,6,Ki=1.0uM,True
6f90,2.4,2018,6,Ki=1.0uM,True
1eb2,2,2002,6.01,Ki=980nM,True
2vl4,1.9,2008,6.01,Ki=975nM,True
4b6s,1.9,2012,6.01,Ki=970nM,True
5uez,1.51,2017,6.01,Ki=970nM,True
3f3c,2.1,2008,6.02,Ki=950nM,True
3su6,1.1,2012,6.02,Ki=958nM,True
3zq9,1.86,2011,6.02,Ki=0.95uM,True
5er1,2,1991,6.02,Ki=960nM,True
1os0,2.1,2003,6.03,Ki=0.93uM,True
1sh9,2.5,2004,6.03,Ki=932nM,True
4f9u,1.8,2012,6.03,Ki=944nM,True
1xbo,2.5,2004,6.04,Ki=0.92uM,True
4nuc,1.4,2014,6.04,Ki=0.91uM,True
6g3v,1.69,2018,6.04,Ki=922.4nM,True
6ic2,1.15,2019,6.04,Ki=917.4nM,True
1eoc,2.25,2000,6.05,Ki=0.9uM,True
3bgb,1.9,2008,6.05,Ki=0.9uM,True
3iss,2.5,2009,6.05,Ki=0.9uM,True
3pcf,2.15,1998,6.05,Ki=0.9uM,True
1qb6,1.8,2000,6.06,Ki=870nM,True
2gst,1.8,1993,6.07,Ki=0.85uM,True
2w5g,1.7,2009,6.07,Ki=860nM,True
3c89,1.58,2008,6.07,Ki=845nM,True
3fvl,1.85,2010,6.07,Ki=0.86uM,True
3owj,1.85,2010,6.07,Ki=0.86uM,True
6uh0,1.31,2019,6.07,Ki=853.1nM,True
1nhz,2.3,2003,6.08,Ki=0.84uM,True
2wc3,2,2009,6.08,Ki=0.83uM,True
3bkk,2.17,2008,6.08,Ki=0.83uM,True
1o2n,1.5,2003,6.09,Ki=0.81uM,True
3p8z,1.7,2010,6.09,Ki=0.82uM,True
6eed,1.5,2018,6.09,Ki=812nM,True
1azm,2,1994,6.1,Ki=0.8uM,True
1m2q,1.79,2003,6.1,Ki=0.80uM,True
2ewb,1.85,2006,6.1,Ki=0.8uM,True
2flr,2.35,2007,6.1,Ki=0.8uM,True
2wed,1.5,1998,6.1,Ki=0.8uM,True
3c8b,1.47,2008,6.1,Ki=786nM,True
3cke,2.4,2008,6.1,Ki=0.8uM,True
4l19,1.66,2014,6.1,Ki=0.8uM,True
4r5t,1.98,2014,6.1,Ki=0.8uM,True
5efh,2.16,2016,6.1,Ki=800nM,True
1g32,1.9,2001,6.11,Ki=780nM,True
1m2p,2,2003,6.11,Ki=0.78uM,True
1o2z,1.65,2003,6.11,Ki=0.78uM,True
2qnq,2.3,2008,6.11,Ki=0.77uM,True
6b4d,1.2,2018,6.11,Ki=0.78uM,True
1nc1,2,2003,6.12,Ki=0.75uM,True
1x8r,1.5,2005,6.12,Ki=750nM,True
2p2a,2.26,2007,6.12,Ki=0.75uM,True
3qfy,2.3,2011,6.12,Ki=0.75uM,True
6ugn,1.41,2019,6.12,Ki=763.5nM,True
2fqt,1.79,2006,6.14,Ki=0.72uM,True
4zx1,1.5,2015,6.14,Ki=725nM,True
1u0g,1.7,2004,6.15,Ki=0.7uM,True
1zs0,1.56,2006,6.15,Ki=700nM,True
5dit,2.25,2015,6.15,Ki=0.7uM,True
1ppc,1.8,1994,6.16,Ki=0.69uM,True
4o04,1.82,2014,6.16,Ki=0.69uM,True
6ugp,1.31,2019,6.16,Ki=685.5nM,True
1k1o,2,2001,6.17,Ki=675nM,True
1ndy,2,2003,6.17,Ki=680nM,True
3bkl,2.18,2008,6.17,Ki=0.679uM,True
3hk1,1.7,2009,6.17,Ki=0.67uM,True
4b9k,2,2012,6.17,Ki=0.67uM,True
1xhy,1.85,2005,6.18,Ki=662nM,True
3c8a,1.52,2008,6.18,Ki=660nM,True
1iy7,2,2003,6.19,Ki=0.64uM,True
1v2k,2,2004,6.19,Ki=0.65uM,True
4wrb,1.81,2015,6.19,Ki=0.65uM,True
1owe,1.6,2003,6.2,Ki=631nM,True
1sqt,1.9,2004,6.2,Ki=0.63uM,True
2aj8,2.11,2006,6.2,Ki=638nM,True
4ufi,2.4,2015,6.2,Ki=630nM,True
3sug,1.8,2012,6.21,Ki=620nM,True
4ymb,1.93,2015,6.21,Ki=0.62uM,True
1l8g,2.5,2002,6.22,Ki=0.6uM,True
2xda,1.85,2010,6.22,Ki=0.6uM,True
3lpp,2.15,2010,6.22,Ki=0.60uM,True
3pd9,2.1,2010,6.22,Ki=600nM,True
4m0e,2,2013,6.22,Ki=0.6uM,True
4mdn,1.91,2013,6.22,Ki=0.6uM,True
6eiz,1.85,2018,6.22,Ki=0.6uM,True
5y12,1.75,2018,6.23,Ki=0.59uM,True
3vh9,1.29,2012,6.24,Ki=0.58uM,True
6eir,2.4,2018,6.24,Ki=575nM,True
6hh3,1.82,2018,6.24,Ki=0.58uM,True
1gnm,2.3,1996,6.25,Ki=560nM,True
2o4z,2.1,2007,6.25,Ki=566nM,True
3rf4,1.8,2011,6.25,Ki=0.56uM,True
4bcp,2.26,2013,6.25,Ki=568nM,True
1wcq,2.1,2005,6.26,Ki=0.55uM,True
3bgz,2.4,2007,6.26,Ki=0.55uM,True
3su4,2.25,2012,6.26,Ki=554nM,True
1pbq,1.9,2003,6.27,Ki=0.54uM,True
2j94,2.1,2007,6.27,Ki=534nM,True
3bfu,1.95,2008,6.27,Ki=531nM,True
6ugr,1.31,2019,6.27,Ki=533.6nM,True
1afl,1.7,1998,6.28,Ki=520nM,True
1atl,1.8,1995,6.28,Ki=0.52uM,True
1w3l,1.04,2004,6.28,Ki=0.52uM,True
2aog,1.1,2006,6.28,Ki=0.53uM,True
4djw,1.9,2012,6.28,Ki=0.53uM,True
4q99,1.5,2015,6.28,Ki=0.52uM,True
5ix0,1.72,2016,6.28,Ki=0.519uM,True
2xyt,2.05,2011,6.29,Ki=509.2nM,True
3h8b,1.8,2009,6.29,Ki=0.511uM,True
5za8,1.9,2018,6.29,Ki=508nM,True
6o5a,1.67,2019,6.29,Ki=514nM,True
1wm1,2.1,2004,6.3,Ki=0.5uM,True
3t70,1.8,2012,6.3,Ki=0.5uM,True
4eor,2.2,2013,6.3,Ki=500nM,True
5dhu,2.33,2016,6.3,Ki=0.5uM,True
6qgg,1.5,2019,6.3,Ki=0.5uM,True
3q44,1.8,2011,6.31,Ki=490nM,True
3u93,1.88,2012,6.31,Ki=494nM,True
4cpy,1.8,2014,6.31,Ki=491.35nM,True
3ebh,1.65,2009,6.32,Ki=478.2nM,True
6pvw,1.6,2019,6.32,Ki=0.48uM,True
6rot,1.34,2019,6.32,Ki=483.63nM,True
6upj,2.34,1997,6.32,Ki=480nM,True
2qbr,2.3,2008,6.33,Ki=0.47uM,True
1bdq,2.5,1998,6.34,Ki=0.46uM,True
4z0k,1.41,2015,6.34,Ki=0.462uM,True
1cbx,2,1994,6.35,Ki=0.45uM,True
1gjc,1.73,2002,6.35,Ki=0.45uM,True
3ckp,2.3,2008,6.35,Ki=0.449uM,True
3ctt,2.1,2009,6.35,Ki=0.45uM,True
3rt8,2.43,2011,6.35,Ki=451nM,True
1c5q,1.43,2000,6.36,Ki=0.44uM,True
1ela,2,1994,6.36,Ki=0.44uM,True
1o2o,1.63,2003,6.36,Ki=0.44uM,True
3oku,1.45,2011,6.36,Ki=440nM,True
1hbv,2.3,1995,6.37,Ki=430nM,True
5nya,1.2,2018,6.38,Ki=415.6nM,True
6equ,1.65,2017,6.38,Ki=419nM,True
6hoq,1.55,2019,6.39,Ki=0.41uM,True
10gs,2.2,1998,6.4,Ki=0.4uM,True
1igb,2.3,1996,6.4,Ki=0.4uM,True
1yvm,1.6,2005,6.4,Ki=0.4uM,True
2y8c,2.1,2012,6.4,Ki=0.4uM,True
3kmc,1.8,2009,6.4,Ki=400nM,True
4mss,1.8,2013,6.4,Ki=0.4uM,True
5hz8,1.12,2016,6.4,Ki=0.4uM,True
5l8y,2.14,2018,6.4,Ki=398nM,True
6f92,1.9,2018,6.4,Ki=0.4uM,True
1syh,1.8,2005,6.41,Ki=393nM,True
2qnp,1.41,2008,6.41,Ki=0.39uM,True
2xxx,2.1,2011,6.41,Ki=390nM,True
3k5x,1.4,2010,6.41,Ki=390nM,True
3r17,1.7,2011,6.41,Ki=390nM,True
1o5a,1.68,2004,6.42,Ki=0.38uM,True
4ufh,2.16,2015,6.42,Ki=380nM,True
6eiq,2.3,2018,6.42,Ki=383nM,True
1fh9,1.72,2000,6.43,Ki=0.37uM,True
2b07,2.1,2005,6.43,Ki=0.37uM,True
2fqo,1.87,2006,6.43,Ki=0.37uM,True
6eeo,1.72,2018,6.43,Ki=0.37uM,True
2jh5,2.5,2007,6.44,Ki=367nM,True
2pvm,2,2008,6.44,Ki=0.36uM,True
3pfp,2.35,2011,6.44,Ki=360nM,True
4da5,2.4,2013,6.44,Ki=0.36uM,True
4ea2,2.05,2012,6.44,Ki=0.36uM,True
5ny1,1.1,2018,6.44,Ki=366.7nM,True
5w44,2.1,2018,6.44,Ki=0.36uM,True
3qw5,1.6,2012,6.45,Ki=358nM,True
4kwo,1.32,2014,6.45,Ki=353nM,True
1m2r,1.7,2003,6.46,Ki=0.35uM,True
1r5y,1.2,2004,6.46,Ki=0.35uM,True
1ro6,2,2004,6.46,Ki=350nM,True
2xd9,1.95,2010,6.46,Ki=0.35uM,True
3pd8,2.48,2010,6.46,Ki=348nM,True
5efj,1.73,2016,6.46,Ki=350nM,True
5iwg,1.66,2016,6.46,Ki=0.346uM,True
1j01,2,2002,6.47,Ki=0.34uM,True
3cm2,2.5,2008,6.47,Ki=340nM,True
3tfp,2,2012,6.47,Ki=0.34uM,True
4mhy,1.38,2014,6.47,Ki=0.342uM,True
6b4l,2.25,2017,6.47,Ki=0.34uM,True
1f4g,1.75,2000,6.48,Ki=330nM,True
1gpn,2.35,2002,6.48,Ki=0.334uM,True
3gsm,2.4,2009,6.48,Ki=0.33uM,True
3bft,2.27,2008,6.49,Ki=323nM,True
4hw3,2.4,2013,6.49,Ki=0.32uM,True
5tuo,2.5,2017,6.49,Ki=323nM,True
6ftw,2.16,2019,6.49,Ki=0.32uM,True
6q54,1.4,2019,6.49,Ki=0.32uM,True
4kzu,2.1,2013,6.5,Ki=313nM,True
4oc0,1.85,2014,6.5,Ki=318nM,True
6o5t,2.1,2019,6.5,Ki=0.316uM,True
6rfw,2.18,2019,6.5,Ki=316nM,True
2usn,2.2,1998,6.51,Ki=0.31uM,True
3hf8,1.85,2010,6.51,Ki=0.31uM,True
3wmc,2.1,2014,6.51,Ki=0.31uM,True
4zbi,2.5,2015,6.51,Ki=0.31uM,True
5t8o,2.41,2017,6.51,Ki=0.31uM,True
6faf,1.99,2018,6.51,Ki=306.1nM,True
1alw,2.03,1998,6.52,Ki=0.3uM,True
1k9s,2,2001,6.52,Ki=0.30uM,True
2h4g,2.5,2006,6.52,Ki=0.3uM,True
2nt7,2.1,2007,6.52,Ki=0.30uM,True
2oxy,1.81,2007,6.52,Ki=0.30uM,True
3dx3,1.42,2009,6.52,Ki=300nM,True
4uj1,1.77,2016,6.52,Ki=300nM,True
1o3l,1.4,2003,6.54,Ki=0.29uM,True
3fuz,1.65,2010,6.54,Ki=290nM,True
3sr4,2.5,2011,6.54,Ki=0.29uM,True
4pv5,2.3,2015,6.54,Ki=0.29uM,True
1hp5,2.1,2001,6.55,Ki=280nM,True
1n4h,2.1,2003,6.55,Ki=0.28uM,True
2bok,1.64,2005,6.55,Ki=0.28uM,True
2xxr,1.6,2011,6.55,Ki=280nM,True
5sym,1.55,2016,6.55,Ki=280nM,True
6e5t,1.55,2019,6.55,Ki=285nM,True
6f3b,1.4,2018,6.56,Ki=273.3nM,True
2pwc,1.78,2008,6.57,Ki=0.27uM,True
3qox,2.3,2011,6.57,Ki=0.27uM,True
3tfn,2.07,2012,6.57,Ki=0.27uM,True
4fs4,1.74,2012,6.57,Ki=270nM,True
5er2,1.8,1991,6.57,Ki=0.27uM,True
6ecz,2.21,2018,6.57,Ki=0.27uM,True
3pb9,1.12,2011,6.58,Ki=0.262uM,True
4cd4,1.2,2014,6.58,Ki=263nM,True
1fiv,2,1995,6.59,Ki=260nM,True
1izi,2.15,2002,6.59,Ki=0.26uM,True
2E+091,2.14,2007,6.59,Ki=0.26uM,True
2pvh,2.2,2008,6.59,Ki=0.26uM,True
2pwr,1.5,2008,6.59,Ki=0.26uM,True
3gs6,2.3,2009,6.59,Ki=0.26uM,True
3t8v,1.8,2011,6.59,Ki=260nM,True
4xas,2.35,2015,6.59,Ki=260nM,True
5ew0,1.3,2016,6.59,Ki=0.26uM,True
5vja,2.46,2018,6.59,Ki=0.260uM,True
6fag,1.79,2018,6.59,Ki=255.1nM,True
1g7g,2.2,2001,6.6,Ki=0.25uM,True
1jzs,2.5,2001,6.6,Ki=0.25uM,True
2f7p,1.28,2006,6.6,Ki=0.249uM,True
2j4g,2.25,2007,6.6,Ki=0.25uM,True
2wly,2.4,2010,6.6,Ki=0.25uM,True
3dln,1.91,2008,6.6,Ki=249nM,True
3lxe,1.9,2010,6.6,Ki=250nM,True
4oc1,1.75,2014,6.6,Ki=254nM,True
5l7e,1.86,2016,6.6,Ki=0.25uM,True
6eis,2.36,2018,6.6,Ki=252nM,True
6d19,1.45,2019,6.61,Ki=0.246uM,True
1afk,1.7,1998,6.62,Ki=240nM,True
3ozp,2,2011,6.62,Ki=0.24uM,True
4er1,2,1991,6.62,Ki=0.242uM,True
4gfo,2.3,2013,6.62,Ki=0.24uM,True
6eqv,1.9,2018,6.62,Ki=238nM,True
2x7t,1.89,2010,6.63,Ki=232nM,True
2yfe,2,2012,6.63,Ki=0.236uM,True
4k77,2.4,2013,6.63,Ki=235nM,True
4xip,1.7,2015,6.63,Ki=235nM,True
6b97,1.76,2017,6.63,Ki=0.237uM,True
1lcp,1.65,1995,6.64,Ki=0.23uM,True
1sln,2.27,1996,6.64,Ki=0.23uM,True
2b1g,2.1,2006,6.64,Ki=0.23uM,True
2d3z,1.8,2006,6.64,Ki=0.23uM,True
2za0,1.7,2008,6.64,Ki=0.23uM,True
3fee,1.56,2009,6.64,Ki=230nM,True
3mzc,1.5,2011,6.65,Ki=226nM,True
4yha,2.2,2015,6.65,Ki=225nM,True
1cps,2.25,1993,6.66,Ki=0.22uM,True
1elc,1.75,1994,6.66,Ki=0.22uM,True
1pxp,2.3,2004,6.66,Ki=0.22uM,True
1wur,1.82,2005,6.66,Ki=0.22uM,True
2xj7,2,2010,6.66,Ki=220nM,True
2yz3,2.3,2008,6.66,Ki=220nM,True
3pwd,2.2,2011,6.66,Ki=0.22uM,True
3zj6,2.4,2014,6.66,Ki=0.22uM,True
5nxi,1.16,2018,6.66,Ki=217.4nM,True
6dar,1.88,2018,6.66,Ki=0.219uM,True
5fho,2.3,2016,6.67,Ki=0.213uM,True
5op5,1.9,2017,6.67,Ki=0.216uM,True
6plf,1.7,2019,6.67,Ki=214nM,True
1c5x,1.75,2000,6.68,Ki=0.21uM,True
2qbs,2.1,2008,6.68,Ki=0.21uM,True
3su1,1.4,2012,6.68,Ki=208nM,True
4ca8,1.99,2013,6.68,Ki=210nM,True
4ew2,1.6,2013,6.68,Ki=0.21uM,True
5o4f,2.1,2017,6.68,Ki=208nM,True
2jew,1.4,2007,6.69,Ki=206nM,True
1eld,2,1995,6.7,Ki=0.20uM,True
1f3e,1.85,2000,6.7,Ki=0.2uM,True
1koj,1.9,2002,6.7,Ki=0.2uM,True
2a5s,1.7,2005,6.7,Ki=0.2uM,True
2oxx,2.3,2007,6.7,Ki=0.20uM,True
3eko,1.55,2008,6.7,Ki=0.2uM,True
3t60,2.4,2012,6.7,Ki=0.2uM,True
3t64,1.65,2012,6.7,Ki=0.2uM,True
4f09,2.4,2012,6.7,Ki=200nM,True
4jz1,1.9,2014,6.7,Ki=0.2uM,True
4o2p,2.1,2015,6.7,Ki=0.20uM,True
5g5v,1.8,2018,6.7,Ki=199nM,True
6ebe,1.88,2018,6.7,Ki=0.20uM,True
6rfn,2.29,2019,6.7,Ki=199.5nM,True
2f94,1.94,2006,6.71,Ki=195nM,True
4cd5,1.1,2014,6.71,Ki=194nM,True
5op4,2,2017,6.71,Ki=0.194uM,True
5tt3,2.2,2017,6.71,Ki=193nM,True
2xc0,2.05,2010,6.72,Ki=192nM,True
3gst,1.9,1993,6.72,Ki=0.19uM,True
3l4v,2.1,2010,6.72,Ki=0.19uM,True
3l4z,2,2010,6.72,Ki=0.19uM,True
4djv,1.73,2012,6.72,Ki=0.19uM,True
4i74,1.68,2013,6.72,Ki=190nM,True
5vb7,2.34,2017,6.72,Ki=0.19uM,True
1wvj,1.75,2005,6.73,Ki=185nM,True
4r5b,1.5,2014,6.73,Ki=185nM,True
1add,2.4,1994,6.74,Ki=0.18uM,True
2x91,1.98,2010,6.74,Ki=180nM,True
2zc9,1.58,2008,6.74,Ki=180nM,True
2zgx,1.8,2008,6.74,Ki=180nM,True
3oim,1.45,2011,6.74,Ki=180nM,True
4ca6,1.91,2013,6.74,Ki=180nM,True
4ew3,1.7,2013,6.74,Ki=0.18uM,True
5za9,1.62,2018,6.74,Ki=183nM,True
3ikd,2,2009,6.75,Ki=0.179uM,True
4cwt,1.9,2014,6.75,Ki=0.179uM,True
2on6,2.5,2007,6.76,Ki=172nM,True
6f9v,1.69,2018,6.76,Ki=171.9nM,True
1o30,1.55,2003,6.77,Ki=0.17uM,True
1o3j,1.4,2003,6.77,Ki=0.17uM,True
1om1,1.68,2004,6.77,Ki=0.17uM,True
1ony,2.15,2003,6.77,Ki=0.17uM,True
1qb1,1.8,2000,6.77,Ki=170nM,True
3fas,1.4,2008,6.77,Ki=171nM,True
3fvn,1.5,2010,6.77,Ki=169nM,True
4cwp,1.95,2014,6.77,Ki=0.170uM,True
4x48,1.89,2015,6.77,Ki=170nM,True
5ayt,1.4,2016,6.77,Ki=0.17uM,True
5zaf,1.65,2018,6.78,Ki=166nM,True
6sbt,2.3,2019,6.78,Ki=0.166uM,True
3su0,1.16,2012,6.79,Ki=162nM,True
6s4n,1.9,2019,6.79,Ki=162nM,True
1nq7,1.5,2003,6.8,Ki=0.16uM,True
2xhm,1.96,2010,6.8,Ki=0.16uM,True
3c88,1.6,2008,6.8,Ki=157nM,True
3fx6,1.85,2009,6.8,Ki=0.16uM,True
3s2v,2.5,2011,6.8,Ki=157nM,True
2uwp,1.75,2007,6.81,Ki=154nM,True
5zae,1.73,2018,6.81,Ki=156nM,True
1fhd,1.9,2000,6.82,Ki=0.15uM,True
1o38,1.38,2003,6.82,Ki=0.15uM,True
2b1i,2.02,2006,6.82,Ki=0.15uM,True
2oxd,2.3,2007,6.82,Ki=0.15uM,True
2rfh,1.7,2008,6.82,Ki=0.15uM,True
2xyd,2.15,2011,6.82,Ki=150nM,True
2zq0,1.6,2008,6.82,Ki=0.15uM,True
3dx2,1.4,2009,6.82,Ki=150nM,True
4nue,1.3,2014,6.82,Ki=0.15uM,True
4qy3,1.5,2014,6.82,Ki=0.15uM,True
2xnb,1.85,2010,6.83,Ki=149nM,True
1bhx,2.3,1998,6.84,Ki=0.145uM,True
2y5g,1.29,2011,6.84,Ki=146nM,True
3ewj,1.8,2008,6.84,Ki=143nM,True
5cep,1.99,2015,6.84,Ki=0.145uM,True
1ele,2,1995,6.85,Ki=0.14uM,True
1g30,2,2001,6.85,Ki=140nM,True
1xk9,2.1,2005,6.85,Ki=140nM,True
3n76,1.9,2011,6.85,Ki=0.14uM,True
3pn4,1.9,2011,6.85,Ki=140nM,True
5f1v,2.2,2016,6.85,Ki=140nM,True
3aid,2.5,1997,6.86,Ki=137nM,True
1cgl,2.4,1995,6.87,Ki=0.135uM,True
2zcr,1.92,2008,6.87,Ki=135nM,True
4mhz,1.95,2014,6.87,Ki=0.134uM,True
4re4,2.29,2015,6.87,Ki=135nM,True
5nih,1.3,2017,6.87,Ki=134nM,True
1xka,2.3,1999,6.88,Ki=131nM,True
3oe5,1.52,2011,6.88,Ki=132nM,True
4bco,2.05,2013,6.88,Ki=0.131uM,True
1fh8,1.95,2000,6.89,Ki=0.13uM,True
1sb1,1.9,2004,6.89,Ki=0.128uM,True
1uz1,2,2004,6.89,Ki=130nM,True
2E+092,2.31,2007,6.89,Ki=0.13uM,True
2r3w,1.92,2008,6.89,Ki=0.128uM,True
3jya,2.1,2009,6.89,Ki=0.1301uM,True
3l4x,1.9,2010,6.89,Ki=0.13uM,True
3r4n,2,2011,6.89,Ki=0.13uM,True
4x8v,2.5,2015,6.89,Ki=130nM,True
3gbb,2.1,2009,6.9,Ki=126nM,True
4bcm,2.45,2013,6.91,Ki=0.123uM,True
1a9m,2.3,1998,6.92,Ki=119nM,True
1o2j,1.65,2003,6.92,Ki=0.12uM,True
1pkx,1.9,2004,6.92,Ki=0.12uM,True
2d3u,2,2006,6.92,Ki=0.12uM,True
2uy0,1.76,2008,6.92,Ki=120nM,True
3bl0,1.9,2008,6.92,Ki=121nM,True
3lir,1.9,2010,6.92,Ki=119nM,True
5d45,1.65,2016,6.92,Ki=0.12uM,True
6c9v,1.7,2019,6.92,Ki=120.2nM,True
4f9w,2,2013,6.94,Ki=114nM,True
4rn4,1.53,2015,6.94,Ki=114nM,True
4xir,1.7,2015,6.94,Ki=115nM,True
1tcx,2.3,1996,6.95,Ki=112nM,True
1gvw,1,2002,6.96,Ki=110nM,True
1oyq,1.9,2003,6.96,Ki=110nM,True
1x8j,2.35,2005,6.96,Ki=0.11uM,True
3pn1,2,2011,6.96,Ki=110nM,True
3t84,2,2011,6.97,Ki=106nM,True
4xar,2.26,2015,6.97,Ki=107nM,True
5zag,1.95,2018,6.97,Ki=108nM,True
1my4,1.9,2003,6.98,Ki=105nM,True
3t83,1.8,2011,6.98,Ki=105nM,True
6eif,2.22,2018,6.98,Ki=104nM,True
3slz,1.4,2011,6.99,Ki=102nM,True
4fai,1.65,2012,6.99,Ki=101.3nM,True
1fki,2.2,1994,7,Ki=100nM,True
1fpc,2.3,1995,7,Ki=0.1uM,True
1gj6,1.5,2002,7,Ki=0.10uM,True
1zoh,1.81,2005,7,Ki=100nM,True
3l4y,1.8,2010,7,Ki=0.10uM,True
3t82,2,2011,7,Ki=101nM,True
4b6o,2,2012,7,Ki=100nM,True
4riv,1.63,2015,7,Ki=100nM,True
5d47,1.7,2016,7,Ki=0.10uM,True
5edb,1.18,2016,7,Ki=0.1uM,True
5fl4,1.82,2015,7,Ki=101nM,True
5g2b,1.83,2017,7,Ki=100nM,True
5l8c,2.01,2018,7,Ki=100nM,True
5mwy,1.75,2018,7,Ki=100nM,True
5sz6,1.15,2016,7,Ki=99nM,True
6hr2,1.76,2019,7,Ki=100nM,True
1ypj,1.78,2006,7.02,Ki=95nM,True
2vwl,1.8,2009,7.02,Ki=95nM,True
3igp,1.65,2010,7.02,Ki=94.5nM,True
3n4b,1.6,2011,7.02,Ki=96nM,True
3pbb,1.95,2011,7.02,Ki=0.095uM,True
6p3v,2.5,2019,7.02,Ki=0.096uM,True
2vwm,1.96,2009,7.03,Ki=93nM,True
5hz9,2.3,2016,7.03,Ki=0.093uM,True
4p6x,2.5,2014,7.04,Ki=91nM,True
1xug,1.5,1998,7.05,Ki=0.09uM,True
2bq7,2.2,2006,7.05,Ki=89nM,True
2jxr,2.4,1997,7.05,Ki=90nM,True
3ahn,1.8,2010,7.05,Ki=90.1nM,True
3aho,1.88,2010,7.05,Ki=88.9nM,True
3i4y,1.85,2010,7.05,Ki=0.09uM,True
4h3j,1.6,2012,7.05,Ki=90nM,True
6c0s,2.35,2018,7.05,Ki=89nM,True
1ui0,1.5,2003,7.06,Ki=88nM,True
3po6,1.47,2011,7.06,Ki=87.3nM,True
4cwq,2,2014,7.06,Ki=0.088uM,True
5e2r,1.6,2015,7.06,Ki=86.2nM,True
5zc5,1.9,2018,7.06,Ki=88nM,True
2f9k,2.06,2006,7.07,Ki=85.9nM,True
3cl0,2.2,2008,7.07,Ki=84.8nM,True
4oc5,1.7,2014,7.07,Ki=85nM,True
4xiq,1.84,2015,7.07,Ki=86nM,True
5hz5,1.4,2017,7.07,Ki=0.086uM,True
1lpg,2,2003,7.09,Ki=82nM,True
1yq7,2.2,2005,7.09,Ki=82.2nM,True
2bz6,1.6,2006,7.09,Ki=0.081uM,True
3f7h,1.8,2009,7.09,Ki=82nM,True
5k0h,2.2,2016,7.09,Ki=0.081uM,True
5zg0,1.58,2019,7.09,Ki=0.082uM,True
3ebi,2,2009,7.1,Ki=79nM,True
3zdg,2.48,2013,7.1,Ki=79nM,True
4bny,1.8,2013,7.1,Ki=0.08uM,True
4uj2,2.02,2016,7.1,Ki=80nM,True
4zx4,1.9,2016,7.11,Ki=0.078uM,True
5ula,1.5,2017,7.11,Ki=77nM,True
6dpt,1.79,2018,7.11,Ki=77nM,True
1nz7,2.4,2003,7.12,Ki=0.076uM,True
1xd0,2,2004,7.12,Ki=0.075uM,True
1z95,1.8,2005,7.12,Ki=76nM,True
2pov,1.6,2007,7.12,Ki=75nM,True
2x2r,2.2,2011,7.12,Ki=76.2nM,True
3dx4,1.38,2009,7.12,Ki=76nM,True
4e0x,2,2012,7.12,Ki=76nM,True
5upj,2.3,1997,7.12,Ki=75nM,True
6o48,1.46,2019,7.12,Ki=75nM,True
1o3d,1.33,2003,7.13,Ki=0.074uM,True
3zc5,2.2,2013,7.13,Ki=74nM,True
4b6p,2.3,2012,7.13,Ki=74nM,True
4kx8,2.4,2013,7.13,Ki=74nM,True
4zbf,2.2,2015,7.13,Ki=0.074uM,True
2vot,1.95,2008,7.14,Ki=72nM,True
3ffp,1.81,2009,7.14,Ki=72.5nM,True
3n7o,1.8,2010,7.14,Ki=72nM,True
4ks4,2.5,2013,7.14,Ki=72nM,True
4wov,1.8,2015,7.14,Ki=72nM,True
4xaq,2.21,2015,7.14,Ki=71.7nM,True
1elb,2.1,1994,7.15,Ki=70nM,True
1pxn,2.5,2004,7.15,Ki=0.07uM,True
1zog,2.3,2005,7.15,Ki=70nM,True
2qnn,1.48,2008,7.15,Ki=0.07uM,True
3n9r,1.8,2010,7.15,Ki=70nM,True
1f0u,1.9,2000,7.16,Ki=69nM,True
4iva,1.5,2013,7.16,Ki=68.4nM,True
1g36,1.9,2001,7.17,Ki=67nM,True
1o2h,1.77,2003,7.17,Ki=0.068uM,True
4o0x,2.48,2014,7.17,Ki=68nM,True
5v0n,2.16,2017,7.17,Ki=67.1nM,True
6g2l,1.48,2018,7.17,Ki=68nM,True
5wex,1.26,2017,7.18,Ki=66.3nM,True
6e5l,1.17,2019,7.18,Ki=66.7nM,True
1gi4,1.37,2002,7.19,Ki=0.065uM,True
1z9y,1.66,2006,7.19,Ki=65nM,True
3gdt,1.6,2009,7.19,Ki=64nM,True
3nsn,2.1,2010,7.19,Ki=65nM,True
4app,2.2,2012,7.19,Ki=0.064uM,True
4zx3,2,2016,7.19,Ki=0.065uM,True
6c7x,1.5,2018,7.19,Ki=65.2nM,True
6ndl,2,2019,7.19,Ki=0.065uM,True
2pow,1.75,2007,7.2,Ki=63nM,True
3k2f,1.98,2009,7.2,Ki=63nM,True
3mz6,2,2010,7.2,Ki=63nM,True
5bwc,2.45,2015,7.21,Ki=0.061uM,True
5zg3,1.65,2019,7.21,Ki=0.061uM,True
1gvx,1,2002,7.22,Ki=60nM,True
1lan,1.9,1995,7.22,Ki=60nM,True
2epn,1.61,2008,7.22,Ki=60nM,True
2h6t,1.9,2007,7.22,Ki=60nM,True
2hnc,1.55,2006,7.22,Ki=60nM,True
3k99,2.1,2010,7.22,Ki=60nM,True
3m35,2.2,2010,7.22,Ki=60nM,True
3uz5,1.9,2012,7.22,Ki=0.06uM,True
4cra,1.8,2015,7.22,Ki=0.06uM,True
4gfm,2.3,2013,7.22,Ki=0.06uM,True
4o0y,2.2,2014,7.22,Ki=60nM,True
5tfx,1.5,2017,7.22,Ki=60.9nM,True
5we9,1.8,2017,7.22,Ki=0.06uM,True
3f8e,2,2009,7.23,Ki=59nM,True
4djx,1.5,2012,7.23,Ki=59nM,True
4lxd,1.9,2013,7.23,Ki=59nM,True
1g2l,1.9,2001,7.24,Ki=57nM,True
1oyt,1.67,2003,7.24,Ki=0.057uM,True
2psv,1.75,2007,7.24,Ki=58nM,True
3ikg,1.86,2009,7.24,Ki=0.057uM,True
3n3g,1.6,2010,7.24,Ki=58nM,True
4ha5,1.83,2012,7.24,Ki=58nM,True
5dh4,2.2,2016,7.24,Ki=58nM,True
5nxw,1.1,2018,7.24,Ki=57.4nM,True
6g3q,1.01,2018,7.24,Ki=57.9nM,True
2ole,2.4,2008,7.25,Ki=56.2nM,True
2qzr,1.95,2007,7.26,Ki=55nM,True
3gc5,1.4,2009,7.26,Ki=55nM,True
4itp,1.7,2014,7.27,Ki=54nM,True
4xit,1.86,2015,7.27,Ki=54nM,True
1hii,2.3,1995,7.28,Ki=53nM,True
2ceq,2.14,2006,7.28,Ki=53nM,True
2qhz,1.85,2008,7.28,Ki=53nM,True
3fl5,2.3,2009,7.28,Ki=52nM,True
3o7u,1.71,2011,7.28,Ki=52nM,True
4alx,2.3,2012,7.28,Ki=52nM,True
4m2w,1.66,2013,7.28,Ki=52nM,True
5cap,2.4,2015,7.28,Ki=52nM,True
4do4,1.4,2012,7.29,Ki=51nM,True
4iwz,1.6,2013,7.29,Ki=51nM,True
5xva,1.85,2018,7.29,Ki=0.051uM,True
1o3i,1.51,2003,7.3,Ki=0.05uM,True
1tmn,1.9,1989,7.3,Ki=50nM,True
1zge,1.65,2006,7.3,Ki=50nM,True
2i3i,2.3,2006,7.3,Ki=0.05uM,True
2qi1,2,2008,7.3,Ki=50nM,True
3c52,2.3,2008,7.3,Ki=0.05uM,True
3n0n,1.5,2011,7.3,Ki=50nM,True
3r16,1.6,2011,7.3,Ki=50nM,True
4riu,1.65,2015,7.3,Ki=50nM,True
4sga,1.8,1991,7.3,Ki=50nM,True
5l7h,1.84,2016,7.3,Ki=50nM,True
1o1s,2.3,2003,7.31,Ki=49nM,True
6ex1,1.6,2018,7.31,Ki=49.4nM,True
1qf1,2,1999,7.32,Ki=48nM,True
1ydt,2.3,1997,7.32,Ki=48nM,True
3ipu,2.4,2010,7.32,Ki=48nM,True
3pww,1.22,2011,7.32,Ki=48nM,True
6c9s,2.23,2019,7.32,Ki=48nM,True
6p3t,2.5,2019,7.32,Ki=0.048uM,True
6s5k,1.6,2019,7.32,Ki=47.9nM,True
2j2u,1.9,2006,7.33,Ki=47nM,True
2r2m,2.1,2008,7.33,Ki=47.1nM,True
2gv6,2.1,2006,7.34,Ki=46nM,True
2vvs,2.24,2008,7.34,Ki=46nM,True
3f7i,1.9,2009,7.34,Ki=46nM,True
5dqc,2.47,2016,7.34,Ki=45.6nM,True
3rtf,1.7,2011,7.35,Ki=45nM,True
3s6t,2.3,2012,7.35,Ki=45nM,True
3su2,1.5,2012,7.35,Ki=44.8nM,True
3zdh,2.2,2013,7.35,Ki=45nM,True
4ca7,1.82,2013,7.36,Ki=44nM,True
5fl6,1.95,2015,7.36,Ki=43.6nM,True
3f7g,2.3,2009,7.37,Ki=43nM,True
6nwl,1.6,2019,7.37,Ki=43nM,True
6pve,2.3,2019,7.37,Ki=43nM,True
1bxq,1.41,1998,7.38,Ki=42nM,True
1qf0,2.2,1999,7.38,Ki=42nM,True
2qi0,2.1,2008,7.38,Ki=42nM,True
4o07,1.86,2014,7.38,Ki=42nM,True
5ceq,1.91,2015,7.38,Ki=0.042uM,True
5zaj,1.65,2018,7.38,Ki=42nM,True
6gwe,2.3,2019,7.38,Ki=42nM,True
2hzy,1.35,2006,7.39,Ki=41nM,True
3mna,1.5,2011,7.39,Ki=41nM,True
3p5l,1.5,2011,7.39,Ki=40.8nM,True
4na9,2.24,2014,7.39,Ki=41nM,True
1f8c,1.7,2001,7.4,Ki=0.04uM,True
1owh,1.61,2003,7.4,Ki=40nM,True
1zoe,1.77,2005,7.4,Ki=40nM,True
2bpy,1.9,1999,7.4,Ki=39.8nM,True
2i3h,1.62,2006,7.4,Ki=0.04uM,True
2zy1,1.78,2009,7.4,Ki=0.04uM,True
3rlq,1.9,2011,7.4,Ki=40nM,True
4jyt,2,2014,7.4,Ki=0.04uM,True
4jzi,2,2014,7.4,Ki=0.04uM,True
4z83,1.8,2015,7.4,Ki=40nM,True
1ik4,2,2001,7.41,Ki=39nM,True
3s5y,2.1,2012,7.41,Ki=39.1nM,True
3zns,2.45,2013,7.41,Ki=39nM,True
1q5k,1.94,2004,7.42,Ki=38nM,True
1t32,1.85,2005,7.42,Ki=38nM,True
2pou,1.6,2007,7.42,Ki=38nM,True
2xys,1.91,2011,7.42,Ki=38nM,True
2isw,1.75,2006,7.43,Ki=37nM,True
3mmf,1.5,2011,7.43,Ki=37nM,True
4o05,1.79,2014,7.43,Ki=37nM,True
1ciz,1.64,1999,7.44,Ki=36nM,True
1qb9,1.8,2000,7.44,Ki=36nM,True
1vzq,1.54,2005,7.44,Ki=36nM,True
2f7o,1.43,2006,7.44,Ki=0.036uM,True
2oxn,1.7,2007,7.44,Ki=36nM,True
2qbq,2.1,2008,7.44,Ki=0.036uM,True
2r38,1.81,2008,7.44,Ki=0.036uM,True
3znr,2.4,2013,7.44,Ki=36nM,True
4m2v,1.72,2013,7.44,Ki=36nM,True
6o0o,2,2019,7.44,Ki=36nM,True
1sqo,1.84,2004,7.46,Ki=0.035uM,True
2p53,2.1,2007,7.46,Ki=35nM,True
3fed,1.29,2009,7.46,Ki=34.6nM,True
3ocz,1.35,2011,7.46,Ki=35nM,True
4cpr,1.8,2014,7.46,Ki=35nM,True
4dff,2.11,2012,7.46,Ki=35nM,True
5fdc,1.75,2016,7.46,Ki=34.8nM,True
6gxb,1.35,2019,7.46,Ki=35nM,True
3oe4,1.49,2011,7.47,Ki=34nM,True
3own,2,2010,7.47,Ki=34nM,True
5ny3,1.4,2018,7.47,Ki=33.9nM,True
5o07,1.8,2017,7.47,Ki=33.8nM,True
1iiq,1.83,2002,7.48,Ki=33nM,True
1u71,2.2,2005,7.48,Ki=33nM,True
2qhy,1.85,2008,7.48,Ki=33nM,True
2qwe,2,1998,7.48,Ki=0.033uM,True
3l3l,2.5,2010,7.48,Ki=33nM,True
3u92,1.9,2012,7.48,Ki=32.8nM,True
6dl2,1.47,2019,7.48,Ki=33nM,True
2hhn,1.55,2007,7.49,Ki=32nM,True
3nyx,2.5,2010,7.49,Ki=32nM,True
5vih,2.4,2017,7.49,Ki=32.2nM,True
4cpw,1.7,2014,7.5,Ki=31.5nM,True
5mwp,1.82,2018,7.5,Ki=31.6nM,True
6otg,1.5,2019,7.5,Ki=31.4nM,True
2vwo,1.6,2009,7.51,Ki=31nM,True
3n2v,1.55,2010,7.51,Ki=31nM,True
4hdp,1.22,2013,7.51,Ki=30.9nM,True
5byi,1.15,2015,7.51,Ki=30.7nM,True
1ivp,2.5,1993,7.52,Ki=30nM,True
1lf2,1.8,2002,7.52,Ki=30nM,True
1mmq,1.9,1996,7.52,Ki=0.03uM,True
1uml,2.5,2004,7.52,Ki=30nM,True
1zfq,1.55,2006,7.52,Ki=30nM,True
3ekr,2,2008,7.52,Ki=0.03uM,True
3hfb,1.92,2010,7.52,Ki=0.03uM,True
3l4u,1.9,2010,7.52,Ki=0.03uM,True
3rlr,1.7,2011,7.52,Ki=30nM,True
4dq2,2.5,2012,7.52,Ki=0.03uM,True
4ty6,1.85,2014,7.52,Ki=30nM,True
5d48,1.81,2016,7.52,Ki=0.03uM,True
5u8c,1.6,2017,7.53,Ki=29.58nM,True
2f1g,1.9,2006,7.54,Ki=29nM,True
1lpk,2.2,2003,7.55,Ki=28nM,True
1tlp,2.3,1989,7.55,Ki=28nM,True
1v0l,0.98,2004,7.55,Ki=0.028uM,True
2oi0,2,2007,7.55,Ki=28nM,True
3ni5,2.1,2011,7.55,Ki=28nM,True
4ngn,1.64,2014,7.55,Ki=28.1nM,True
5c8n,2.4,2015,7.55,Ki=28nM,True
5oot,2.1,2017,7.55,Ki=0.0285uM,True
6aqs,1.57,2018,7.55,Ki=28nM,True
6gvf,2.5,2019,7.55,Ki=28nM,True
3suf,2.19,2012,7.56,Ki=27.8nM,True
1d09,2.1,2000,7.57,Ki=27nM,True
1qhc,1.7,1999,7.57,Ki=27nM,True
2avs,1.1,2006,7.57,Ki=27.0nM,True
3ipq,2,2010,7.57,Ki=27nM,True
4crb,1.85,2015,7.57,Ki=0.027uM,True
2fdp,2.5,2006,7.59,Ki=26nM,True
2xb8,2.4,2010,7.59,Ki=26nM,True
3t5u,1.75,2012,7.59,Ki=0.026uM,True
6hax,2.35,2019,7.59,Ki=26nM,True
1lpz,2.4,2003,7.6,Ki=25nM,True
2o8h,1.8,2007,7.6,Ki=25nM,True
2zmm,2.1,2008,7.6,Ki=25nM,True
3ehx,1.9,2009,7.6,Ki=25nM,True
3gc4,1.8,2009,7.6,Ki=25nM,True
3iph,2.1,2009,7.6,Ki=25.1nM,True
3kr4,2,2010,7.6,Ki=25nM,True
3liw,2.22,2010,7.6,Ki=0.025uM,True
3p58,1.49,2011,7.6,Ki=25.4nM,True
5hct,1.36,2016,7.6,Ki=0.0254uM,True
3ibn,2.2,2009,7.61,Ki=24.5nM,True
4g95,1.35,2014,7.61,Ki=24.4nM,True
5vij,2.11,2017,7.61,Ki=24.3nM,True
1yqy,2.3,2005,7.62,Ki=24nM,True
2aoe,1.54,2006,7.62,Ki=0.024uM,True
2p3c,2.1,2007,7.62,Ki=24nM,True
2psu,1.93,2007,7.62,Ki=24nM,True
2pvl,1.9,2008,7.62,Ki=24nM,True
3be9,2,2008,7.62,Ki=24nM,True
1c1r,1.37,2000,7.63,Ki=0.0235uM,True
1c1v,1.98,2000,7.64,Ki=0.023uM,True
1uvt,2.5,1997,7.64,Ki=0.023uM,True
2hl4,1.55,2007,7.64,Ki=23nM,True
3h89,2.5,2009,7.64,Ki=0.023uM,True
3hl7,1.88,2009,7.64,Ki=23nM,True
3l0v,1.75,2010,7.64,Ki=23nM,True
3sjf,1.65,2011,7.64,Ki=23nM,True
4ruz,1.63,2015,7.64,Ki=23.1nM,True
5el9,1.1,2016,7.64,Ki=23.0nM,True
5exn,1.49,2016,7.64,Ki=23nM,True
5u6j,2.3,2017,7.64,Ki=23nM,True
966c,1.9,1999,7.64,Ki=23nM,True
5dex,2.4,2016,7.65,Ki=22.6nM,True
1f0r,2.1,2000,7.66,Ki=22nM,True
1nny,2.4,2003,7.66,Ki=22nM,True
1ppk,1.8,1994,7.66,Ki=22nM,True
2cn0,1.3,2006,7.66,Ki=22nM,True
4e5w,1.86,2012,7.66,Ki=22nM,True
5dfp,2.2,2016,7.66,Ki=22nM,True
5edc,1.29,2016,7.66,Ki=0.022uM,True
5kz0,2.3,2016,7.66,Ki=22nM,True
6o5x,1.7,2019,7.66,Ki=22nM,True
2bpv,1.9,1999,7.67,Ki=21.2nM,True
1o2q,1.5,2003,7.68,Ki=0.021uM,True
1t4v,2,2005,7.68,Ki=0.021uM,True
1w0z,1.9,2008,7.68,Ki=21nM,True
4cpz,2.2,2014,7.68,Ki=20.85nM,True
4ygf,2,2015,7.68,Ki=21nM,True
6b4u,1.95,2017,7.68,Ki=21nM,True
1bai,2.4,1999,7.7,Ki=20nM,True
1gno,2.3,1996,7.7,Ki=20nM,True
1izh,1.9,2002,7.7,Ki=0.02uM,True
1mes,1.9,1998,7.7,Ki=20nM,True
1s39,1.95,2004,7.7,Ki=20nM,True
1uou,2.11,2004,7.7,Ki=20nM,True
2d1o,2.02,2006,7.7,Ki=0.02uM,True
2ves,1.9,2008,7.7,Ki=20nM,True
2zjw,2.4,2009,7.7,Ki=0.02uM,True
3b7r,1.81,2008,7.7,Ki=20nM,True
3ewc,2.11,2009,7.7,Ki=20nM,True
3i51,1.8,2010,7.7,Ki=0.02uM,True
3th9,1.34,2011,7.7,Ki=20nM,True
4acc,2.21,2012,7.7,Ki=20nM,True
4cpt,1.7,2014,7.7,Ki=20nM,True
4e7r,2.25,2012,7.7,Ki=0.02uM,True
4fsl,2.5,2012,7.7,Ki=20nM,True
4o09,1.96,2014,7.7,Ki=20nM,True
5sz5,1.27,2016,7.7,Ki=20nM,True
6cn5,2.3,2018,7.7,Ki=0.02uM,True
6nwk,1.65,2019,7.7,Ki=20nM,True
1ajv,2,1997,7.72,Ki=19.1nM,True
1j4r,1.8,2001,7.72,Ki=0.019uM,True
5zg1,1.32,2019,7.72,Ki=0.019uM,True
6ugz,1.31,2019,7.72,Ki=19.1nM,True
3ljg,1.31,2010,7.73,Ki=18.6nM,True
5fdi,1.85,2016,7.73,Ki=18.5nM,True
1f0s,2.1,2000,7.74,Ki=18nM,True
1j36,2.4,2003,7.74,Ki=18nM,True
1lee,1.9,2002,7.74,Ki=18nM,True
1nfu,2.05,2003,7.74,Ki=18nM,True
1qbo,1.8,2000,7.74,Ki=18nM,True
1sbg,2.3,1994,7.74,Ki=18nM,True
1txr,2,2004,7.74,Ki=18nM,True
1usn,1.8,1998,7.74,Ki=0.018uM,True
3b7u,1.9,2008,7.74,Ki=18nM,True
3nb5,1.8,2011,7.74,Ki=18nM,True
3tvc,2.43,2012,7.74,Ki=18nM,True
4i71,1.28,2013,7.74,Ki=18nM,True
4hwp,1.81,2013,7.76,Ki=17.2nM,True
4z2b,1.8,2015,7.76,Ki=17.5nM,True
2jh6,2.21,2007,7.77,Ki=17nM,True
3cyw,1.4,2008,7.77,Ki=17nM,True
3mi2,1.2,2010,7.77,Ki=17nM,True
3tzm,1.7,2012,7.77,Ki=17nM,True
3uw4,1.79,2012,7.77,Ki=0.017uM,True
4gzt,2.19,2012,7.77,Ki=17.0nM,True
4rj8,2.5,2014,7.77,Ki=17nM,True
4w9o,1.27,2014,7.77,Ki=17nM,True
5cbm,2.3,2015,7.77,Ki=17nM,True
5neb,2.05,2017,7.77,Ki=17nM,True
5n25,1.4,2017,7.78,Ki=16.6nM,True
5ueu,2.26,2017,7.78,Ki=16.7nM,True
1v48,2.2,2004,7.8,Ki=16nM,True
1x8t,1.9,2005,7.8,Ki=16nM,True
2i19,2.28,2006,7.8,Ki=16nM,True
2ra0,2.3,2008,7.8,Ki=15.9nM,True
2wl0,1.9,2009,7.8,Ki=16nM,True
3agl,2.1,2010,7.8,Ki=16nM,True
3czv,2,2008,7.8,Ki=16nM,True
3qgy,2.1,2011,7.8,Ki=16nM,True
4n6z,2.2,2013,7.8,Ki=16nM,True
4w9p,1.5,2014,7.8,Ki=16nM,True
5hz6,1.14,2016,7.8,Ki=0.016uM,True
5l7g,2.01,2016,7.8,Ki=16nM,True
6ej2,1.46,2018,7.8,Ki=16nM,True
4gr3,1.49,2013,7.81,Ki=15.5nM,True
1njs,1.98,2003,7.82,Ki=15nM,True
1nvs,1.8,2003,7.82,Ki=15nM,True
2cf9,1.79,2006,7.82,Ki=0.015uM,True
2j34,2.01,2006,7.82,Ki=15nM,True
2ptz,1.65,2007,7.82,Ki=15nM,True
2xbx,1.85,2010,7.82,Ki=15nM,True
3n2p,1.65,2011,7.82,Ki=15nM,True
3prs,1.38,2011,7.82,Ki=15nM,True
4k0y,1.95,2013,7.82,Ki=15nM,True
6g2m,1.37,2018,7.82,Ki=15.1nM,True
4gr8,1.3,2013,7.83,Ki=14.7nM,True
3ibl,1.55,2009,7.84,Ki=14.6nM,True
3n2u,1.81,2010,7.84,Ki=14.3nM,True
4gzp,2.3,2012,7.84,Ki=14.3nM,True
6b96,1.88,2017,7.84,Ki=14.3nM,True
1a94,2,1999,7.85,Ki=14nM,True
1b8y,2,1999,7.85,Ki=14nM,True
2fle,1.9,2007,7.85,Ki=14nM,True
2gv7,2.2,2006,7.85,Ki=14nM,True
3dd8,1.9,2008,7.85,Ki=14nM,True
3sut,1.9,2012,7.85,Ki=14nM,True
3uw5,1.71,2012,7.85,Ki=0.014uM,True
4mc1,1.39,2014,7.85,Ki=14nM,True
4pcs,1.77,2014,7.85,Ki=14nM,True
4r76,2.5,2014,7.85,Ki=14nM,True
4rak,2.04,2014,7.85,Ki=14nM,True
5elw,1.4,2016,7.85,Ki=14nM,True
5hi7,2.15,2016,7.85,Ki=14nM,True
5uln,1.35,2017,7.85,Ki=14.2nM,True
2zn7,2.1,2008,7.89,Ki=13nM,True
3c56,2.3,2008,7.89,Ki=0.013uM,True
3hig,2.09,2009,7.89,Ki=13nM,True
4b5d,2.2,2012,7.89,Ki=12.8nM,True
4ruy,1.14,2015,7.89,Ki=12.8nM,True
4ytc,2.16,2015,7.89,Ki=0.013uM,True
1ajx,2,1997,7.91,Ki=12.2nM,True
5E+028,1.3,2016,7.91,Ki=12.3nM,True
1b6j,1.85,2000,7.92,Ki=12nM,True
2jjb,1.9,2009,7.92,Ki=12nM,True
2ovv,2,2007,7.92,Ki=12nM,True
3d7z,2.1,2008,7.92,Ki=12nM,True
3eft,1.85,2009,7.92,Ki=12nM,True
4a6c,1.5,2012,7.92,Ki=12nM,True
4bcn,2.1,2013,7.92,Ki=12nM,True
4cws,2.3,2014,7.92,Ki=0.012uM,True
4hge,2.3,2012,7.92,Ki=11.9nM,True
4rux,1.14,2015,7.92,Ki=12nM,True
5jy3,2.4,2016,7.92,Ki=12nM,True
3daz,1.6,2009,7.93,Ki=11.8nM,True
6en5,1.75,2017,7.94,Ki=11.45nM,True
3t85,2.4,2011,7.95,Ki=11.3nM,True
4b7j,2.42,2012,7.95,Ki=11.1nM,True
5n1r,1.3,2017,7.95,Ki=11.1nM,True
6s4t,2,2019,7.95,Ki=11.2nM,True
1epo,2,1994,7.96,Ki=11nM,True
1g2k,1.95,2001,7.96,Ki=11nM,True
1hvh,1.8,1998,7.96,Ki=11nM,True
1o3f,1.55,2003,7.96,Ki=0.011uM,True
1qxl,2.25,2004,7.96,Ki=11nM,True
2e1w,2.5,2006,7.96,Ki=11nM,True
2p3a,1.75,2007,7.96,Ki=11nM,True
2qe4,2.4,2007,7.96,Ki=11.0nM,True
2x8z,1.98,2010,7.96,Ki=11nM,True
3bgq,2,2007,7.96,Ki=11nM,True
3iww,2.3,2009,7.96,Ki=11nM,True
3mhc,1.7,2010,7.96,Ki=11nM,True
3r4p,1.7,2011,7.96,Ki=11nM,True
3uuo,2.11,2012,7.96,Ki=11nM,True
4ap7,1.8,2012,7.96,Ki=0.011uM,True
4k3n,2,2013,7.96,Ki=11nM,True
4ngp,1.63,2014,7.96,Ki=10.97nM,True
4r59,1.65,2014,7.96,Ki=11nM,True
4y79,2.1,2015,7.96,Ki=11nM,True
6iiu,2.5,2018,7.96,Ki=11nM,True
3oyq,1.47,2011,7.99,Ki=10.3nM,True
5n1s,1.3,2017,7.99,Ki=10.2nM,True
5nxp,1.25,2018,7.99,Ki=10.2nM,True
1b57,2,2000,8,Ki=0.01uM,True
1dqn,1.75,2000,8,Ki=10nM,True
1fkg,2,1994,8,Ki=10nM,True
1gai,1.7,1996,8,Ki=10nM,True
1qin,2,1999,8,Ki=10nM,True
1tkb,2.3,1994,8,Ki=10nM,True
1ypg,1.8,2006,8,Ki=10nM,True
2E+094,2.18,2007,8,Ki=0.01uM,True
2hah,1.7,2007,8,Ki=10nM,True
2vnt,2.2,2008,8,Ki=9.9nM,True
2vwn,1.61,2009,8,Ki=10nM,True
2xbw,1.72,2010,8,Ki=10nM,True
3b92,2,2007,8,Ki=10nM,True
3cyx,1.2,2008,8,Ki=10nM,True
3E+092,2,2008,8,Ki=10nM,True
3fur,2.3,2009,8,Ki=10nM,True
3hs4,1.1,2009,8,Ki=10nM,True
3k97,1.95,2010,8,Ki=10nM,True
3oy0,1.6,2011,8,Ki=10.1nM,True
3sio,2.32,2011,8,Ki=10nM,True
3zcl,1.4,2013,8,Ki=10.1nM,True
4a6l,2.05,2012,8,Ki=10nM,True
4ehz,2.17,2012,8,Ki=10nM,True
4mo8,1.85,2013,8,Ki=10.1nM,True
4o9v,1.9,2014,8,Ki=10nM,True
4ujb,1.95,2016,8,Ki=10nM,True
4zx0,1.6,2015,8,Ki=10nM,True
1v7a,2.5,2004,8.01,Ki=9.8nM,True
4yes,1.5,2015,8.02,Ki=9.6nM,True
4elf,2.3,2013,8.03,Ki=9.4nM,True
5e2k,1.4,2016,8.03,Ki=9.3nM,True
4m2u,2,2013,8.04,Ki=9.1nM,True
5tmn,1.6,1989,8.04,Ki=9.1nM,True
6k04,1.25,2019,8.04,Ki=9.1nM,True
1hih,2.2,1995,8.05,Ki=9nM,True
2bqv,2.1,2005,8.05,Ki=9nM,True
2jkh,1.25,2009,8.05,Ki=9nM,True
2xc4,1.67,2010,8.05,Ki=9nM,True
2y80,1.9,2011,8.05,Ki=9nM,True
3ag9,2,2010,8.05,Ki=9nM,True
3ml2,1.8,2011,8.05,Ki=9nM,True
3u8l,2.32,2011,8.05,Ki=8.9nM,True
4hdb,1.49,2013,8.05,Ki=8.9nM,True
4q19,2.09,2014,8.05,Ki=8.9nM,True
4rfd,1.63,2015,8.05,Ki=8.9nM,True
5upe,1.93,2017,8.05,Ki=9nM,True
5xvg,2.1,2018,8.05,Ki=0.009uM,True
6gxe,1.3,2019,8.05,Ki=9nM,True
3dbu,1.7,2009,8.06,Ki=8.8nM,True
6evr,1.5,2018,8.06,Ki=8.8nM,True
3vbd,1.05,2012,8.07,Ki=8.6nM,True
5jfu,1.7,2016,8.07,Ki=8.5nM,True
1siv,2.5,1994,8.08,Ki=8.4nM,True
2rkg,1.8,2008,8.09,Ki=8.2nM,True
2yfx,1.7,2011,8.09,Ki=8.2nM,True
3tu7,2.49,2011,8.09,Ki=8.17nM,True
4elh,2.1,2013,8.09,Ki=8.2nM,True
4loy,1.77,2014,8.09,Ki=8.1nM,True
5n6s,2.1,2017,8.09,Ki=8.2nM,True
6b59,1.64,2018,8.09,Ki=8.2nM,True
1ghy,1.85,2002,8.1,Ki=0.008uM,True
1stc,2.3,1998,8.1,Ki=8nM,True
1ype,1.81,2006,8.1,Ki=8nM,True
2cf8,1.3,2006,8.1,Ki=0.008uM,True
2e9u,2,2008,8.1,Ki=7.94nM,True
2pvj,1.7,2008,8.1,Ki=8nM,True
2vvu,2.3,2009,8.1,Ki=8nM,True
5m7u,2.3,2017,8.1,Ki=8nM,True
1ndz,2,2003,8.11,Ki=7.7nM,True
1nvr,1.8,2003,8.11,Ki=7.8nM,True
2pq9,1.6,2008,8.11,Ki=7.8nM,True
3fv2,1.5,2010,8.11,Ki=7.7nM,True
4cp7,1.8,2014,8.11,Ki=7.8nM,True
4z1j,1.27,2015,8.11,Ki=7.7nM,True
6h38,1.7,2018,8.11,Ki=7.8nM,True
1o5r,2.35,2004,8.12,Ki=7.5nM,True
6dil,1.48,2018,8.12,Ki=7.6nM,True
6dj2,1.36,2018,8.12,Ki=7.6nM,True
1g35,1.8,2001,8.14,Ki=7.3nM,True
1yqj,2,2005,8.14,Ki=7.3nM,True
3b4f,1.89,2008,8.14,Ki=7.2nM,True
3ljz,2,2011,8.14,Ki=7.3nM,True
4isi,1.94,2013,8.14,Ki=7.3nM,True
6dj5,1.75,2018,8.14,Ki=7.2nM,True
1fkh,1.95,1994,8.15,Ki=7nM,True
1w5v,1.8,2004,8.15,Ki=7.1nM,True
2d1n,2.37,2006,8.15,Ki=7nM,True
2q1q,1.9,2007,8.15,Ki=7nM,True
3d8w,1.7,2009,8.15,Ki=7.0nM,True
3i4b,2.3,2010,8.15,Ki=7nM,True
3nxq,1.99,2010,8.15,Ki=7nM,True
5jxq,1.2,2016,8.15,Ki=7nM,True
5vo1,2.45,2017,8.15,Ki=0.007uM,True
6qgh,2,2019,8.15,Ki=0.007uM,True
4elg,2.1,2013,8.16,Ki=6.9nM,True
4z0q,1.45,2015,8.17,Ki=6.8nM,True
2f80,1.45,2006,8.18,Ki=6.6nM,True
3l3n,2.3,2010,8.18,Ki=6.6nM,True
2r59,1.89,2008,8.19,Ki=6.5nM,True
3hit,2.29,2009,8.19,Ki=6.4nM,True
3roc,1.7,2011,8.19,Ki=6.4nM,True
4mc2,1.56,2014,8.19,Ki=6.4nM,True
5aa9,1.93,2016,8.19,Ki=6.4nM,True
5fl5,2.05,2015,8.19,Ki=6.4nM,True
5m25,2.43,2017,8.19,Ki=6.50nM,True
6ayq,1.42,2018,8.19,Ki=6.5nM,True
2jds,2,2007,8.2,Ki=6.3nM,True
4gg7,2.27,2012,8.2,Ki=6.3nM,True
5exm,2.09,2016,8.2,Ki=6.3nM,True
5fto,2.22,2016,8.21,Ki=6.2nM,True
1efy,2.2,2001,8.22,Ki=6nM,True
1h1s,2,2002,8.22,Ki=6nM,True
1w11,2,2008,8.22,Ki=6nM,True
2vvv,1.73,2009,8.22,Ki=6nM,True
2zcs,2.03,2008,8.22,Ki=6nM,True
3d1y,1.05,2008,8.22,Ki=6nM,True
3l3m,2.5,2010,8.22,Ki=6nM,True
3le9,1.85,2010,8.22,Ki=6nM,True
3v5t,2.13,2012,8.22,Ki=6nM,True
3zbx,2.2,2013,8.22,Ki=6nM,True
4h3g,1.85,2012,8.22,Ki=6nM,True
4hym,1.9,2013,8.22,Ki=6nM,True
4lko,2.43,2013,8.22,Ki=6.0nM,True
5amg,1.55,2015,8.22,Ki=6.0nM,True
3e5a,2.3,2008,8.23,Ki=5.9nM,True
3hll,1.95,2009,8.24,Ki=5.8nM,True
4rfc,1.65,2015,8.24,Ki=5.7nM,True
4x6m,2.4,2015,8.24,Ki=5.8nM,True
4z1e,2.01,2015,8.24,Ki=5.7nM,True
1c1u,1.75,2000,8.25,Ki=0.0056uM,True
1nvq,2,2003,8.25,Ki=5.6nM,True
2pbw,2.5,2007,8.25,Ki=5.56nM,True
1wuq,2,2005,8.27,Ki=0.0054uM,True
2cbj,2.35,2006,8.27,Ki=5.4nM,True
3hek,1.95,2009,8.27,Ki=5.4nM,True
4cps,1.55,2014,8.27,Ki=5.4nM,True
4djy,1.86,2012,8.27,Ki=5.4nM,True
3tt4,1.88,2012,8.28,Ki=5.3nM,True
4oc2,1.65,2014,8.28,Ki=5.3nM,True
4oc3,1.79,2014,8.28,Ki=5.3nM,True
5qqp,2.08,2019,8.28,Ki=5.3nM,True
1a28,1.8,1998,8.29,Ki=5.1nM,True
6ayo,1.67,2018,8.29,Ki=5.1nM,True
6o95,1.77,2019,8.29,Ki=5.1nM,True
1b6l,1.75,2000,8.3,Ki=5nM,True
1qbq,2.4,1999,8.3,Ki=5nM,True
1tom,1.8,1997,8.3,Ki=5nM,True
2cen,1.7,2007,8.3,Ki=5nM,True
2pvk,1.9,2008,8.3,Ki=5nM,True
2rd6,2.3,2008,8.3,Ki=5nM,True
3fqe,2.5,2009,8.3,Ki=5nM,True
3gjw,2.3,2010,8.3,Ki=5nM,True
3hku,1.8,2009,8.3,Ki=5nM,True
3hvi,1.2,2009,8.3,Ki=5nM,True
3jy0,2.4,2009,8.3,Ki=5nM,True
3zps,1.55,2013,8.3,Ki=5.0nM,True
4afg,2,2012,8.3,Ki=5nM,True
4cwr,2,2014,8.3,Ki=0.005uM,True
4o0b,1.93,2014,8.3,Ki=5nM,True
5j8z,1.7,2016,8.3,Ki=5.0nM,True
5khm,1.48,2016,8.3,Ki=5nM,True
3dc3,1.7,2009,8.31,Ki=4.9nM,True
5nxo,1.2,2018,8.31,Ki=4.9nM,True
4gih,2,2013,8.32,Ki=0.0048uM,True
4pee,1.95,2014,8.32,Ki=4.8nM,True
5c2a,2,2015,8.32,Ki=4.8nM,True
1hwr,1.8,1999,8.33,Ki=4.70nM,True
4z1k,1.35,2015,8.33,Ki=4.7nM,True
2qci,1.2,2008,8.34,Ki=4.6nM,True
2xye,2,2011,8.34,Ki=4.6nM,True
5ime,2.22,2016,8.34,Ki=4.6nM,True
1h23,2.15,2002,8.35,Ki=4.5nM,True
3nu5,1.29,2010,8.35,Ki=4.5nM,True
4bf6,1.82,2014,8.35,Ki=4.5nM,True
4yml,1.75,2015,8.35,Ki=4.5nM,True
1d4j,1.81,2002,8.36,Ki=4.40nM,True
3d83,1.9,2008,8.36,Ki=4.4nM,True
3kek,1.97,2010,8.36,Ki=4.4nM,True
4e6q,1.95,2012,8.36,Ki=4.4nM,True
2nmz,0.97,2007,8.37,Ki=4.3nM,True
3t1a,2.4,2011,8.37,Ki=4.3nM,True
4bao,1.87,2013,8.37,Ki=4.29nM,True
4v24,1.8,2014,8.37,Ki=4.3nM,True
6n7a,1.33,2019,8.37,Ki=4.3nM,True
1k21,1.86,2002,8.38,Ki=4.2nM,True
1mu6,1.99,2004,8.38,Ki=4.2nM,True
3zpu,1.8,2013,8.38,Ki=4.2nM,True
4a6b,1.8,2012,8.38,Ki=4.2nM,True
1lzq,2.2,2003,8.39,Ki=4.1nM,True
6ayr,1.95,2018,8.39,Ki=4.1nM,True
1aaq,2.5,1994,8.4,Ki=4.0nM,True
1fq5,2.4,2000,8.4,Ki=4.0nM,True
1k22,1.93,2002,8.4,Ki=4nM,True
1mtr,1.75,1996,8.4,Ki=4nM,True
1w5x,1.9,2004,8.4,Ki=4.0nM,True
1z1h,1.85,2005,8.4,Ki=4nM,True
1zpa,2.02,2005,8.4,Ki=4nM,True
2al5,1.65,2005,8.4,Ki=4nM,True
2j95,2.01,2007,8.4,Ki=4nM,True
2ovy,1.8,2007,8.4,Ki=4nM,True
2qbp,2.5,2008,8.4,Ki=0.004uM,True
2uwl,1.9,2007,8.4,Ki=4nM,True
2vsl,2.1,2008,8.4,Ki=4nM,True
2y82,2.2,2011,8.4,Ki=4nM,True
2zda,1.73,2008,8.4,Ki=4nM,True
3b68,1.9,2008,8.4,Ki=4nM,True
3d0e,2,2008,8.4,Ki=4nM,True
3str,1.75,2011,8.4,Ki=3.96nM,True
3sww,2,2011,8.4,Ki=4nM,True
3zxz,1.8,2011,8.4,Ki=0.004uM,True
4aoi,1.9,2012,8.4,Ki=0.004uM,True
4bck,2.05,2013,8.4,Ki=4nM,True
4nh7,2,2014,8.4,Ki=4nM,True
4ual,1.71,2014,8.4,Ki=4nM,True
5g57,1.73,2017,8.4,Ki=3.98nM,True
1bwb,1.8,1998,8.42,Ki=3.8nM,True
4wa9,2.2,2015,8.42,Ki=3800pM,True
2za5,2.3,2008,8.43,Ki=3.7nM,True
4y8x,1.9,2015,8.43,Ki=3.7nM,True
5dey,2.1,2016,8.43,Ki=3.7nM,True
5exl,2.3,2016,8.43,Ki=3.7nM,True
2xyf,1.8,2011,8.44,Ki=3.6nM,True
4zae,1.86,2015,8.44,Ki=3.6nM,True
5kqx,2.4,2016,8.44,Ki=3.6nM,True
5n0e,1.75,2017,8.44,Ki=3.6nM,True
5voj,1.8,2017,8.44,Ki=3.6nM,True
2oag,2.3,2007,8.47,Ki=3.4nM,True
5qtt,2.23,2019,8.47,Ki=3.4nM,True
6d3q,2.24,2019,8.47,Ki=3.4nM,True
1w5y,1.9,2004,8.48,Ki=3.3nM,True
2hs1,0.84,2006,8.48,Ki=3.3nM,True
2p3b,2.1,2007,8.48,Ki=3.3nM,True
2r5p,2.3,2007,8.48,Ki=3.3nM,True
2uxz,1.75,2008,8.48,Ki=3.3nM,True
3b1m,1.6,2011,8.48,Ki=3.3nM,True
3n3j,1.5,2011,8.48,Ki=3.3nM,True
5kr2,1.78,2016,8.48,Ki=3.3nM,True
5n0d,1.7,2017,8.48,Ki=3.3nM,True
1ec0,1.79,2002,8.49,Ki=3.2nM,True
2ihq,2,2006,8.49,Ki=3.2nM,True
3s45,1.51,2012,8.49,Ki=3.24nM,True
4hdf,1.29,2013,8.49,Ki=3.2nM,True
4m2r,1.99,2013,8.49,Ki=3.2nM,True
5ufs,2.12,2017,8.49,Ki=3.2nM,True
7upj,2,1997,8.49,Ki=3.2nM,True
2vh0,1.7,2008,8.51,Ki=3.1nM,True
3i25,2.1,2010,8.51,Ki=3.1nM,True
3u8j,2.35,2011,8.51,Ki=3.1nM,True
6oe1,1.45,2019,8.51,Ki=3.1nM,True
1i5r,1.6,2003,8.52,Ki=3.0nM,True
1nfx,2.15,2003,8.52,Ki=3.0nM,True
1rp7,2.09,2004,8.52,Ki=0.003uM,True
1xkk,2.4,2004,8.52,Ki=3nM,True
2boh,2.2,2006,8.52,Ki=3nM,True
2fvd,1.85,2006,8.52,Ki=3nM,True
2oc2,2.25,2007,8.52,Ki=3nM,True
2qu6,2.1,2007,8.52,Ki=3nM,True
2vvc,1.95,2009,8.52,Ki=3nM,True
3lpi,2.05,2010,8.52,Ki=3nM,True
3ml5,2.05,2011,8.52,Ki=3.0nM,True
3suu,1.6,2012,8.52,Ki=3nM,True
4nh8,1.65,2014,8.52,Ki=3nM,True
4o97,2.2,2014,8.52,Ki=3nM,True
4hwo,1.91,2013,8.54,Ki=2.9nM,True
5mjn,1.17,2017,8.54,Ki=2.9nM,True
1hos,2.3,1993,8.55,Ki=2.8nM,True
1ppl,1.7,1993,8.55,Ki=2.8nM,True
3ejp,1.32,2009,8.55,Ki=2.8nM,True
3v51,1.95,2012,8.55,Ki=2.8nM,True
5amd,1.5,2015,8.55,Ki=2.8nM,True
5nxg,1.2,2018,8.55,Ki=2.8nM,True
3ejq,1.45,2009,8.57,Ki=2.7nM,True
3ejr,1.27,2009,8.57,Ki=2.7nM,True
3v7x,1.03,2012,8.57,Ki=2.7nM,True
5caq,2.5,2015,8.57,Ki=2.7nM,True
2wky,2.2,2009,8.59,Ki=2.57nM,True
3ibi,1.93,2009,8.59,Ki=2.6nM,True
6h37,1.9,2018,8.59,Ki=2.6nM,True
1bwa,1.9,1998,8.6,Ki=2.5nM,True
3b66,1.65,2008,8.6,Ki=2.5nM,True
3s43,1.26,2012,8.6,Ki=2.53nM,True
3sxf,2.04,2012,8.6,Ki=2.5nM,True
3t3u,2.1,2012,8.6,Ki=2.5nM,True
4efs,1.63,2012,8.6,Ki=2.5nM,True
4gj2,2.4,2013,8.6,Ki=2.5nM,True
5sz3,1.69,2016,8.6,Ki=2.5nM,True
5upf,1.69,2017,8.6,Ki=2.5nM,True
6prf,1.21,2019,8.6,Ki=2.5nM,True
4ban,1.87,2013,8.61,Ki=2.43nM,True
2cej,2.5,2007,8.62,Ki=2.4nM,True
4bf1,1.35,2014,8.62,Ki=2.4nM,True
4hf4,2,2012,8.62,Ki=2.4nM,True
5egm,1.84,2015,8.62,Ki=2.4nM,True
5htz,1.95,2016,8.62,Ki=2.4nM,True
1mue,2,2004,8.64,Ki=2.3nM,True
1r1j,2.35,2004,8.64,Ki=2.3nM,True
1t31,1.9,2005,8.64,Ki=2.3nM,True
4qd6,2.45,2015,8.64,Ki=2.3nM,True
6std,1.8,1999,8.64,Ki=2.3nM,True
2oax,2.29,2007,8.65,Ki=2.232nM,True
3d1x,1.05,2008,8.66,Ki=2.2nM,True
3nox,2.34,2010,8.66,Ki=2.2nM,True
3u8k,2.47,2011,8.66,Ki=2.2nM,True
2qd6,1.28,2008,8.68,Ki=2.1nM,True
2q55,1.9,2007,8.69,Ki=2.04nM,True
5cj6,2.07,2016,8.69,Ki=2.03nM,True
1bcd,1.9,1993,8.7,Ki=2nM,True
1hfs,1.7,1998,8.7,Ki=2nM,True
1ohr,2.1,1998,8.7,Ki=2nM,True
1pxo,1.96,2004,8.7,Ki=2.0nM,True
1w13,2,2008,8.7,Ki=2nM,True
2b7d,2.24,2006,8.7,Ki=2nM,True
2f8g,1.22,2006,8.7,Ki=2.0nM,True
2fmb,1.8,1999,8.7,Ki=2nM,True
2jh0,1.7,2007,8.7,Ki=2nM,True
2ojj,2.4,2007,8.7,Ki=2nM,True
2uwo,1.75,2007,8.7,Ki=2nM,True
2vj8,1.8,2008,8.7,Ki=2nM,True
2wgj,2,2009,8.7,Ki=0.002uM,True
2wyg,1.88,2010,8.7,Ki=2nM,True
2y5f,1.29,2011,8.7,Ki=2nM,True
2y7z,1.84,2011,8.7,Ki=2nM,True
2y81,1.7,2011,8.7,Ki=2nM,True
3d9z,1.65,2009,8.7,Ki=2.0nM,True
3eqr,2,2008,8.7,Ki=2nM,True
3ge7,1.5,2009,8.7,Ki=2nM,True
3hvj,1.79,2009,8.7,Ki=2nM,True
3i5z,2.2,2010,8.7,Ki=2nM,True
3i60,2.5,2010,8.7,Ki=2nM,True
4a7i,2.4,2012,8.7,Ki=0.002uM,True
4bah,1.94,2013,8.7,Ki=2.01nM,True
4hy1,1.9,2013,8.7,Ki=2nM,True
4r5a,1.64,2014,8.7,Ki=2nM,True
4yth,2.04,2015,8.7,Ki=0.002uM,True
4zwx,1.7,2015,8.7,Ki=2nM,True
4zwz,1.62,2015,8.7,Ki=2nM,True
5e2o,2.08,2015,8.7,Ki=2.0nM,True
5hcv,2.5,2016,8.7,Ki=2nM,True
5sz2,1.63,2016,8.7,Ki=2.0nM,True
3ckz,1.9,2008,8.72,Ki=1.9nM,True
3p8o,2.3,2011,8.72,Ki=1.89nM,True
3ts4,1.59,2012,8.72,Ki=1.9nM,True
4crc,1.6,2015,8.72,Ki=0.0019uM,True
4ish,1.82,2013,8.72,Ki=1.9nM,True
4ivb,1.9,2013,8.72,Ki=1.9nM,True
4x6o,2.1,2015,8.72,Ki=1.9nM,True
5jg1,1.16,2016,8.72,Ki=1.9nM,True
6dj7,1.31,2018,8.72,Ki=1.9nM,True
1b6k,1.85,2000,8.74,Ki=1.8nM,True
1sdv,1.4,2004,8.74,Ki=1810pM,True
2vkm,2.05,2008,8.74,Ki=1.8nM,True
2wtv,2.4,2010,8.74,Ki=1.8nM,True
4ei4,2.22,2012,8.74,Ki=1.8nM,True
4gii,2.31,2013,8.74,Ki=1.8nM,True
5vkc,2.31,2017,8.74,Ki=1.8nM,True
6o94,1.98,2019,8.74,Ki=1.8nM,True
1d4l,1.75,2000,8.77,Ki=1.7nM,True
1x38,1.7,2005,8.77,Ki=1.7nM,True
1zp8,2.02,2005,8.77,Ki=1.7nM,True
2wkz,1.7,2009,8.77,Ki=1.7nM,True
3b5r,1.8,2008,8.77,Ki=1.7nM,True
3qdd,1.79,2012,8.77,Ki=1.7nM,True
4e4l,2,2012,8.77,Ki=1.7nM,True
4m0f,2.3,2013,8.77,Ki=1.7nM,True
5wal,2.45,2017,8.77,Ki=0.0017uM,True
1fkn,1.9,2000,8.8,Ki=1.6nM,True
1w5w,1.8,2004,8.8,Ki=1.6nM,True
3d1z,1.3,2008,8.8,Ki=1.6nM,True
3oaf,1.7,2011,8.8,Ki=1.6nM,True
5cau,2.25,2015,8.8,Ki=1.6nM,True
5e2p,2.11,2015,8.8,Ki=1.6nM,True
1m0b,2.45,2004,8.82,Ki=1.53nM,True
2zcq,2.38,2008,8.82,Ki=1.5nM,True
2zxg,1.55,2009,8.82,Ki=1.5nM,True
3fvk,1.5,2010,8.82,Ki=1.5nM,True
3nu4,1.2,2010,8.82,Ki=1.5nM,True
4i5c,2.1,2013,8.82,Ki=1.5nM,True
4ks1,2.2,2013,8.82,Ki=1.5nM,True
4x6n,2.1,2015,8.82,Ki=1.5nM,True
5kby,2.24,2016,8.82,Ki=1.5nM,True
3mxd,1.95,2010,8.83,Ki=1.47nM,True
1d4i,1.81,2002,8.85,Ki=1.40nM,True
2avo,1.1,2006,8.85,Ki=1.40nM,True
3b67,1.9,2008,8.85,Ki=1.4nM,True
3E+093,2,2008,8.85,Ki=1.4nM,True
4gj3,2.5,2013,8.85,Ki=1.4nM,True
5cas,2.1,2015,8.85,Ki=1.4nM,True
5mlj,1.8,2017,8.85,Ki=1.4nM,True
5uoo,1.69,2017,8.85,Ki=1.4nM,True
6ayt,1.85,2018,8.85,Ki=1.4nM,True
2xej,1.78,2010,8.87,Ki=1.34nM,True
1n3i,1.9,2003,8.89,Ki=1.3nM,True
1nfy,2.1,2003,8.89,Ki=1.3nM,True
1nt1,2,2003,8.89,Ki=1.3nM,True
2idw,1.1,2006,8.89,Ki=1.3nM,True
2y7x,1.9,2011,8.89,Ki=1.3nM,True
3zze,1.87,2011,8.89,Ki=1.3nM,True
3egt,2,2009,8.9,Ki=1.26nM,True
5m23,1.97,2017,8.9,Ki=1.25nM,True
4bak,1.94,2013,8.91,Ki=1.22nM,True
1ec1,2.1,2002,8.92,Ki=1.20nM,True
1r1h,1.95,2004,8.92,Ki=1.2nM,True
3k37,2,2010,8.92,Ki=1.2nM,True
4e6d,2.22,2012,8.92,Ki=1.2nM,True
4heg,1.46,2013,8.92,Ki=1.20nM,True
5hcy,2.46,2016,8.92,Ki=1.2nM,True
5ljt,1,2017,8.92,Ki=1.2nM,True
5n24,1.5,2017,8.92,Ki=1.2nM,True
5sz1,1.55,2016,8.92,Ki=1.2nM,True
6oe0,1.3,2019,8.92,Ki=1.2nM,True
4bam,1.88,2013,8.94,Ki=1.14nM,True
1j37,2.4,2003,8.96,Ki=1.1nM,True
1nfw,2.1,2003,8.96,Ki=1.1nM,True
2p4j,2.5,2007,8.96,Ki=1.1nM,True
3dcc,1.6,2009,8.96,Ki=1.1nM,True
3v5p,2.1,2012,8.96,Ki=1.1nM,True
4ag8,1.95,2012,8.96,Ki=1.1nM,True
4k18,2.05,2013,8.96,Ki=1.1nM,True
5een,1.86,2016,8.96,Ki=1.1nM,True
5wqc,1.96,2017,8.96,Ki=1.1nM,True
6hzb,1.9,2019,8.98,Ki=1.05nM,True
5vp9,1.86,2017,8.99,Ki=1.03nM,True
1apv,1.8,1994,9,Ki=1nM,True
1fm9,2.1,2001,9,Ki=1nM,True
1k27,1.95,2003,9,Ki=1.0nM,True
1mq5,2.1,2003,9,Ki=1nM,True
1mu8,2,2004,9,Ki=1.0nM,True
2j4i,1.8,2006,9,Ki=1nM,True
2p4y,2.25,2008,9,Ki=1nM,True
2wyj,2.38,2010,9,Ki=1nM,True
3dd0,1.48,2009,9,Ki=1nM,True
3u6h,2,2012,9,Ki=1.0nM,True
3u6i,2.1,2012,9,Ki=1nM,True
3ui7,2.28,2011,9,Ki=1nM,True
3uri,2.1,2012,9,Ki=1nM,True
4c2v,1.49,2014,9,Ki=1nM,True
4h3f,1.7,2012,9,Ki=1nM,True
5ef7,1.9,2016,9,Ki=1nM,True
5ljq,1.05,2017,9,Ki=1nM,True
2q54,1.85,2007,9.01,Ki=0.98nM,True
4baq,1.89,2013,9.01,Ki=0.98nM,True
5e2s,1.5,2016,9.01,Ki=0.98nM,True
4jh0,2.35,2013,9.03,Ki=0.94nM,True
1ec3,1.8,2002,9.04,Ki=0.92nM,True
3m37,1.9,2010,9.04,Ki=0.91nM,True
3vfb,1.55,2012,9.04,Ki=0.92nM,True
1ebw,1.81,2002,9.05,Ki=0.90nM,True
1ezq,2.2,2000,9.05,Ki=0.9nM,True
3hb4,2.21,2009,9.05,Ki=0.9nM,True
3nu9,1.85,2010,9.05,Ki=0.9nM,True
4e4n,1.9,2012,9.05,Ki=0.9nM,True
4i72,2.05,2013,9.05,Ki=0.9nM,True
4uja,1.93,2016,9.05,Ki=0.9nM,True
5m7s,2.4,2017,9.05,Ki=0.9nM,True
2qd8,1.35,2008,9.07,Ki=0.85nM,True
3gba,1.35,2009,9.07,Ki=0.848nM,True
4cmo,1.83,2014,9.07,Ki=0.85nM,True
2rkf,1.8,2008,9.08,Ki=0.83nM,True
3a2o,0.88,2010,9.08,Ki=0.83nM,True
3ffg,1.54,2009,9.08,Ki=0.84nM,True
3sue,2.2,2012,9.08,Ki=0.84nM,True
2w8y,1.8,2009,9.09,Ki=0.82nM,True
4zls,1.53,2015,9.09,Ki=0.82nM,True
1h22,2.15,2002,9.1,Ki=0.8nM,True
2qd7,1.11,2008,9.1,Ki=0.80nM,True
3lea,2,2010,9.1,Ki=0.8nM,True
3lpk,1.93,2010,9.1,Ki=0.8nM,True
3mdz,2.32,2010,9.1,Ki=0.8nM,True
3vf7,1.3,2012,9.1,Ki=0.80nM,True
4az6,1.36,2013,9.1,Ki=0.8nM,True
4hws,1.7,2013,9.1,Ki=0.8nM,True
5eek,1.59,2016,9.1,Ki=0.8nM,True
5sz0,1.63,2016,9.1,Ki=0.8nM,True
6c2r,1.96,2019,9.1,Ki=0.8nM,True
1d9i,2.3,2000,9.11,Ki=0.78nM,True
1ta6,1.9,2004,9.13,Ki=0.74nM,True
2wb5,2.31,2009,9.13,Ki=0.74nM,True
3su3,1.3,2012,9.13,Ki=0.74nM,True
5l30,1.73,2016,9.14,Ki=0.72nM,True
2qmg,1.89,2008,9.15,Ki=0.7nM,True
3d91,2.2,2008,9.15,Ki=0.7nM,True
3ibu,1.41,2009,9.15,Ki=0.7nM,True
4clj,1.66,2014,9.15,Ki=0.70nM,True
4p6w,1.95,2014,9.15,Ki=0.7nM,True
5aml,1.36,2015,9.15,Ki=0.7nM,True
5kr0,1.8,2016,9.15,Ki=0.71nM,True
6c7q,1.51,2018,9.15,Ki=0.7nM,True
6odz,1.3,2019,9.15,Ki=0.7nM,True
8cpa,2,1994,9.15,Ki=710pM,True
1z71,1.8,2005,9.18,Ki=0.66nM,True
2xb7,2.5,2010,9.19,Ki=0.65nM,True
3ozg,1.99,2011,9.19,Ki=0.65nM,True
3vfa,1.43,2012,9.19,Ki=0.65nM,True
6ays,1.7,2018,9.19,Ki=0.65nM,True
5laq,2.4,2018,9.2,Ki=0.63nM,True
5upz,1.27,2017,9.2,Ki=0.63nM,True
1sqa,2,2004,9.21,Ki=0.62nM,True
1d4k,1.85,2000,9.22,Ki=0.6nM,True
1hpo,2.5,1997,9.22,Ki=0.6nM,True
1hps,2.3,1994,9.22,Ki=0.6nM,True
1hpv,1.9,1995,9.22,Ki=0.60nM,True
1x39,1.8,2005,9.22,Ki=0.6nM,True
1zvx,1.87,2006,9.22,Ki=0.6nM,True
3rwp,1.92,2011,9.22,Ki=0.6nM,True
4jia,1.85,2013,9.22,Ki=0.6nM,True
4s1g,2.1,2015,9.22,Ki=0.6nM,True
5eei,1.32,2016,9.22,Ki=0.6nM,True
6h33,1.58,2018,9.22,Ki=0.6nM,True
6n7b,1.81,2019,9.22,Ki=0.6nM,True
4dv8,1.63,2012,9.24,Ki=0.58nM,True
1sdt,1.3,2004,9.27,Ki=540pM,True
3b65,1.8,2008,9.27,Ki=0.54nM,True
3nzk,1.8,2011,9.27,Ki=0.54nM,True
3p8n,1.9,2011,9.28,Ki=0.53nM,True
4asd,2.03,2012,9.28,Ki=0.52nM,True
2ayr,1.9,2005,9.29,Ki=0.51nM,True
5kqy,1.65,2016,9.29,Ki=0.51nM,True
2yxj,2.2,2007,9.3,Ki=0.5nM,True
3fv1,1.5,2010,9.3,Ki=0.5nM,True
3nu6,1.16,2010,9.3,Ki=0.5nM,True
4crf,2.3,2015,9.3,Ki=0.5nM,True
4er2,2,1991,9.3,Ki=0.5nM,True
4qge,2,2014,9.3,Ki=0.5nM,True
6h2z,1.94,2018,9.3,Ki=0.5nM,True
6h34,1.55,2018,9.3,Ki=0.5nM,True
6hza,1.9,2019,9.3,Ki=0.504nM,True
6orr,2.25,2019,9.3,Ki=0.5nM,True
6udu,1.75,2019,9.3,Ki=0.5nM,True
2aqu,2,2006,9.32,Ki=0.48nM,True
5jfp,1.49,2016,9.32,Ki=0.48nM,True
3vf5,1.25,2012,9.34,Ki=0.46nM,True
6o0m,1.75,2019,9.34,Ki=0.46nM,True
6h36,1.85,2018,9.35,Ki=0.45nM,True
2p95,2.2,2007,9.37,Ki=0.43nM,True
3nuj,1.5,2010,9.39,Ki=0.41nM,True
4ca5,1.85,2013,9.39,Ki=0.41nM,True
1ebz,2.01,2002,9.4,Ki=0.40nM,True
1ksn,2.1,2002,9.4,Ki=0.4nM,True
1met,1.9,1998,9.4,Ki=0.4nM,True
1pme,2,1999,9.4,Ki=0.4nM,True
2o4r,1.98,2007,9.4,Ki=0.4nM,True
2w26,2.08,2008,9.4,Ki=0.4nM,True
4a4q,1.8,2012,9.4,Ki=0.4nM,True
6got,1.56,2018,9.4,Ki=0.4nM,True
1hsh,1.9,1996,9.42,Ki=0.38nM,True
3bgs,2.1,2008,9.42,Ki=380pM,True
3rbu,1.6,2012,9.43,Ki=370pM,True
4mc9,1.19,2014,9.44,Ki=0.36nM,True
1qbs,1.8,1997,9.47,Ki=0.34nM,True
4wko,1.9,2015,9.47,Ki=0.34nM,True
1xjd,2,2004,9.48,Ki=0.33nM,True
6e7j,1.3,2018,9.48,Ki=0.33nM,True
5kr1,1.6,2016,9.49,Ki=0.32nM,True
1hvr,1.8,1995,9.51,Ki=0.31nM,True
2p4s,2.2,2008,9.51,Ki=0.31nM,True
1m4h,2.1,2002,9.52,Ki=0.3nM,True
2ax9,1.65,2005,9.52,Ki=0.3nM,True
2g94,1.86,2006,9.52,Ki=0.3nM,True
2gvj,2.1,2006,9.52,Ki=0.3nM,True
2hoc,2.1,2006,9.52,Ki=0.3nM,True
3fv3,1.85,2009,9.52,Ki=0.3nM,True
3g0w,1.95,2009,9.52,Ki=0.3nM,True
3g5k,1.7,2009,9.52,Ki=0.3nM,True
4ivd,1.93,2013,9.52,Ki=0.3nM,True
4ty7,2.09,2014,9.52,Ki=0.3nM,True
6cjr,1.8,2019,9.52,Ki=0.30nM,True
2pog,1.84,2007,9.54,Ki=0.29nM,True
3ppm,1.78,2011,9.54,Ki=0.29nM,True
1dmp,2,1997,9.55,Ki=0.28nM,True
1ws1,2,2005,9.55,Ki=0.28nM,True
4gr0,1.5,2013,9.55,Ki=0.28nM,True
4wkp,1.58,2015,9.55,Ki=0.28nM,True
1i37,2,2001,9.57,Ki=0.27nM,True
1o86,2,2003,9.57,Ki=0.27nM,True
2z4o,1.6,2008,9.57,Ki=0.27nM,True
4ax9,1.9,2012,9.57,Ki=0.27nM,True
4gql,1.15,2013,9.59,Ki=0.26nM,True
4mc6,1.31,2014,9.59,Ki=0.26nM,True
5cjf,1.83,2015,9.59,Ki=0.26nM,True
2zx8,2.33,2009,9.64,Ki=231.4pM,True
3s54,1.42,2012,9.64,Ki=0.23nM,True
4b7r,1.9,2012,9.64,Ki=0.23nM,True
5dh5,2,2016,9.64,Ki=0.23nM,True
3pe1,1.6,2011,9.65,Ki=0.223nM,True
4zip,1.11,2015,9.68,Ki=0.21nM,True
6n78,1.83,2019,9.68,Ki=0.21nM,True
6n79,2.27,2019,9.68,Ki=0.21nM,True
1eby,2.29,2002,9.7,Ki=0.20nM,True
2vh6,1.95,2008,9.7,Ki=0.2nM,True
3sm2,1.75,2011,9.7,Ki=0.2nM,True
4cd0,2.23,2014,9.7,Ki=0.2nM,True
4fk6,2.2,2012,9.7,Ki=0.2nM,True
5dxt,2.25,2016,9.7,Ki=0.2nM,True
5sz4,1.6,2016,9.7,Ki=0.2nM,True
5sz7,1.78,2016,9.7,Ki=0.2nM,True
6cjs,1.9,2019,9.7,Ki=0.20nM,True
1z6e,1.8,2006,9.72,Ki=0.19nM,True
4wkn,2,2015,9.72,Ki=0.19nM,True
1nh0,1.03,2004,9.74,Ki=0.18nM,True
3dk1,1.07,2009,9.74,Ki=0.18nM,True
3p3g,1.65,2011,9.74,Ki=180pM,True
3pe2,1.9,2011,9.76,Ki=0.175nM,True
3ggu,1.8,2009,9.77,Ki=170pM,True
456c,2.4,1999,9.77,Ki=0.17nM,True
4x24,1.5,2015,9.78,Ki=166pM,True
3nuo,1.35,2010,9.8,Ki=0.16nM,True
6ixd,1,2019,9.8,Ki=0.16nM,True
1pvn,2,2003,9.82,Ki=0.15nM,True
3m36,2.15,2010,9.82,Ki=0.15nM,True
3nu3,1.02,2010,9.82,Ki=0.15nM,True
4eb8,2.3,2013,9.82,Ki=151pM,True
4zo5,2.5,2015,9.82,Ki=0.15nM,True
2xef,1.59,2010,9.84,Ki=0.145nM,True
6dh8,1.95,2018,9.84,Ki=146.2pM,True
2std,2.1,1999,9.85,Ki=0.14nM,True
6oqd,1.48,2019,9.85,Ki=0.14nM,True
6dh7,2,2018,9.88,Ki=131.3pM,True
1E+066,2.1,2001,9.89,Ki=0.13nM,True
1hxb,2.3,1997,9.92,Ki=0.12nM,True
1zsf,1.98,2006,9.92,Ki=0.12nM,True
2vnp,2.19,2008,9.92,Ki=0.12nM,True
6dh6,1.97,2018,9.93,Ki=117.2pM,True
1hvl,1.8,1994,9.95,Ki=112pM,True
1bv9,2,1998,9.96,Ki=0.11nM,True
1fjs,1.92,2000,9.96,Ki=0.11nM,True
2xmy,1.9,2010,9.96,Ki=0.11nM,True
4m8y,2.22,2014,9.96,Ki=0.11nM,True
6o0p,1.8,2019,9.96,Ki=0.11nM,True
1bxo,0.95,1998,10,Ki=0.10nM,True
1d4h,1.81,2002,10,Ki=0.10nM,True
1ec2,2,2002,10,Ki=0.10nM,True
1gar,1.96,1995,10,Ki=100pM,True
1rjk,1.99,2004,10,Ki=0.1nM,True
3h5b,1.29,2009,10,Ki=0.099nM,True
4ivc,2.35,2013,10,Ki=0.1nM,True
4twp,2.4,2015,10,Ki=100pM,True
6udi,1.94,2019,10,Ki=0.10nM,True
6udt,1.5,2019,10,Ki=0.1nM,True
3mxe,1.85,2010,10.01,Ki=0.097nM,True
1nm6,1.8,2003,10.05,Ki=0.09nM,True
4rfm,2.1,2015,10.05,Ki=90pM,True
1sdu,1.25,2004,10.07,Ki=86pM,True
2o4j,1.74,2007,10.1,Ki=0.08nM,True
2p16,2.3,2007,10.1,Ki=0.08nM,True
1y6r,2.2,2005,10.11,Ki=77pM,True
5v82,1.89,2017,10.15,Ki=0.07nM,True
4f3k,1.85,2013,10.16,Ki=69.0pM,True
3ps1,1.85,2011,10.17,Ki=67pM,True
3u8n,2.35,2011,10.17,Ki=0.067nM,True
4tmn,1.7,1989,10.17,Ki=0.068nM,True
6nzv,1.55,2019,10.17,Ki=0.067nM,True
5etj,2.3,2016,10.18,Ki=66pM,True
2qi3,1.95,2008,10.2,Ki=0.063nM,True
4m8x,2.05,2014,10.2,Ki=0.063nM,True
2qi7,1.85,2008,10.21,Ki=0.062nM,True
6ud2,1.7,2019,10.21,Ki=0.062nM,True
3t3c,2.1,2012,10.23,Ki=59pM,True
1qbu,1.8,1997,10.24,Ki=0.058nM,True
5b25,1.9,2016,10.24,Ki=0.058nM,True
6udv,1.35,2019,10.29,Ki=0.051nM,True
1bv7,2,1998,10.3,Ki=0.05nM,True
1c70,2.5,2000,10.3,Ki=0.05nM,True
1hvs,2.25,1995,10.3,Ki=50pM,True
5nea,1.3,2017,10.3,Ki=0.05nM,True
6oqb,1.6,2019,10.3,Ki=0.05nM,True
4djq,1.4,2012,10.32,Ki=0.048nM,True
4std,2.15,1999,10.33,Ki=47pM,True
3i6o,1.17,2009,10.35,Ki=45pM,True
4ngm,1.84,2014,10.35,Ki=0.0449nM,True
4q1y,1.5,2015,10.35,Ki=45pM,True
4lvt,2.05,2013,10.36,Ki=44pM,True
1c4u,2.1,2000,10.37,Ki=0.043nM,True
4ynb,2,2015,10.37,Ki=0.043nM,True
1kzk,1.09,2002,10.39,Ki=41pM,True
6oqc,1.8,2019,10.4,Ki=0.04nM,True
2qi4,1.8,2008,10.44,Ki=0.036nM,True
6eqx,1.99,2018,10.47,Ki=33.7pM,True
5ehq,2.5,2016,10.48,Ki=33pM,True
2zx7,2.48,2009,10.49,Ki=32.2pM,True
5std,1.95,1999,10.49,Ki=32pM,True
6dj1,1.26,2018,10.51,Ki=0.031nM,True
1b8n,2,1999,10.52,Ki=30pM,True
1n46,2.2,2003,10.52,Ki=0.03nM,True
2f81,1.25,2006,10.52,Ki=0.03nM,True
4yo8,2.1,2015,10.52,Ki=0.030nM,True
6ne5,1.85,2019,10.52,Ki=0.03nM,True
6no9,1.71,2019,10.52,Ki=0.03nM,True
1g2o,1.75,2001,10.55,Ki=28pM,True
4djp,1.4,2012,10.55,Ki=0.028nM,True
6b4n,1.3,2017,10.55,Ki=27.9pM,True
1qbr,1.8,1997,10.57,Ki=0.027nM,True
2qi6,1.85,2008,10.57,Ki=0.027nM,True
6dh1,1.97,2018,10.58,Ki=26.1pM,True
3djk,1,2008,10.59,Ki=26pM,True
2zx6,2.42,2009,10.6,Ki=25.1pM,True
5uov,1.33,2017,10.6,Ki=0.025nM,True
1qbt,2.1,1997,10.62,Ki=0.024nM,True
2xei,1.69,2010,10.62,Ki=0.024nM,True
4lch,1.6,2013,10.62,Ki=24pM,True
1b8o,1.5,1999,10.64,Ki=23pM,True
6eqw,1.99,2018,10.65,Ki=22.4pM,True
1dif,1.7,1996,10.66,Ki=22pM,True
3cs7,2.2,2008,10.68,Ki=21pM,True
2xeg,1.59,2010,10.7,Ki=0.020nM,True
3o9a,1.9,2011,10.7,Ki=20pM,True
4agc,2,2012,10.7,Ki=0.020nM,True
5nee,1.7,2017,10.7,Ki=0.02nM,True
3o9d,1.85,2011,10.72,Ki=19pM,True
6dif,1.2,2018,10.72,Ki=0.019nM,True
7std,1.8,1999,10.72,Ki=19pM,True
6o0k,1.62,2019,10.74,Ki=0.018nM,True
4gid,2,2012,10.77,Ki=0.017nM,True
4omc,2.3,2014,10.78,Ki=16.7pM,True
3gi4,1.85,2010,10.8,Ki=16pM,True
4hla,1.95,2013,10.8,Ki=16pM,True
5c1m,2.1,2015,10.8,Ki=16pM,True
1hxw,1.8,1998,10.82,Ki=15pM,True
3o99,1.95,2011,10.82,Ki=15pM,True
5wlo,1.27,2017,10.82,Ki=0.015nM,True
6h5x,1.8,2018,10.82,Ki=0.015nM,True
2qi5,1.85,2008,10.85,Ki=0.014nM,True
3i7e,1.7,2009,10.85,Ki=14pM,True
5ult,1.53,2017,10.85,Ki=0.014nM,True
6dh2,1.98,2018,10.89,Ki=12.8pM,True
4i8w,1.96,2013,10.9,Ki=12.7pM,True
1hvi,1.8,1994,10.92,Ki=12pM,True
3utu,1.55,2012,10.92,Ki=0.012nM,True
6cdl,1.25,2018,10.92,Ki=0.012nM,True
1hvk,1.8,1994,10.96,Ki=11pM,True
4ase,1.83,2012,11,Ki=0.01nM,True
4kb9,1.29,2013,11,Ki=0.01nM,True
1q84,2.45,2004,11.05,Ki=8900fM,True
4i8z,1.75,2013,11.05,Ki=8.9pM,True
5dgw,1.62,2015,11.05,Ki=0.009nM,True
1x1z,1.45,2005,11.06,Ki=8.8pM,True
5c2h,2.09,2015,11.09,Ki=8.2pM,True
1d4y,1.97,1999,11.1,Ki=0.008nM,True
3std,1.65,1999,11.11,Ki=7.7pM,True
1mq6,2.1,2003,11.15,Ki=7pM,True
4q1x,1.9,2015,11.15,Ki=7pM,True
2i4v,1.5,2007,11.2,Ki=6.3pM,True
3gi5,1.8,2010,11.22,Ki=6pM,True
3gi6,1.84,2010,11.22,Ki=6pM,True
5dwr,2,2015,11.22,Ki=6pM,True
3ok9,1.27,2010,11.23,Ki=5.9pM,True
4u8w,1.3,2014,11.24,Ki=5.8pM,True
1hpx,2,1996,11.26,Ki=5.5pM,True
4ryd,2.15,2015,11.26,Ki=5.5pM,True
1pro,1.8,1996,11.3,Ki=5pM,True
2q5k,1.95,2007,11.3,Ki=5pM,True
2xpk,2.4,2011,11.3,Ki=0.005nM,True
3o9e,1.5,2011,11.3,Ki=5pM,True
3st5,1.45,2011,11.3,Ki=5pM,True
4f2w,2,2013,11.3,Ki=5.0pM,True
4gbd,1.98,2013,11.32,Ki=0.0048nM,True
2j62,2.26,2007,11.34,Ki=4.6pM,True
2hb3,1.35,2006,11.35,Ki=4.5pM,True
5dgu,1.22,2015,11.35,Ki=0.0045nM,True
1hvj,2,1994,11.4,Ki=4pM,True
2i0a,1.8,2006,11.4,Ki=4pM,True
1lyb,2.5,1994,11.42,Ki=3.8pM,True
5drr,1.59,2016,11.46,Ki=3.5pM,True
4djo,1.78,2012,11.52,Ki=3pM,True
4djr,1.55,2012,11.52,Ki=0.003nM,True
6cpa,2,1991,11.52,Ki=3pM,True
3qaa,1.4,2011,11.54,Ki=2.9pM,True
2i4u,1.5,2007,11.57,Ki=2.7pM,True
4wkb,1.37,2015,11.57,Ki=2.7pM,True
2i4w,1.55,2007,11.59,Ki=2.6pM,True
2i4d,1.5,2007,11.68,Ki=2.1pM,True
1y6q,2.2,2005,11.7,Ki=2pM,True
4q1w,1.85,2015,11.7,Ki=2pM,True
6cdj,1.13,2018,11.7,Ki=0.002nM,True
2i4x,1.55,2007,11.72,Ki=1.9pM,True
4dfg,1.23,2012,11.74,Ki=1.8pM,True
3o9i,1.45,2011,11.82,Ki=1.5pM,True
4f3c,1.93,2013,11.82,Ki=1.5pM,True
5bry,1.34,2015,11.82,Ki=0.0015nM,True
1sl3,1.81,2004,11.85,Ki=1.4pM,True
1ctu,2.3,1995,11.92,Ki=1.2pM,True
6e9a,1.22,2018,11.92,Ki=0.0012nM,True
